time,close,high,low,open,volumefrom,volumeto
1.4103504E+09,4.8456E+02,4.9077E+02,4.8311E+02,4.8563E+02,1.43631E+03,7.0637304E+05
1.4103612E+09,4.8525E+02,4.8629E+02,4.83E+02,4.8456E+02,1.18394E+03,5.8711091E+05
1.410372E+09,4.8482E+02,4.8661E+02,4.8329E+02,4.8525E+02,1.2109E+03,6.0149189E+05
1.4103828E+09,4.7991E+02,4.8505E+02,4.7991E+02,4.8482E+02,1.02429E+03,5.0574469E+05
1.4103936E+09,4.8038E+02,4.845E+02,4.7841E+02,4.7991E+02,7.309699999999999E+02,3.6060920999999996E+05
1.4104044E+09,4.8289E+02,4.8366E+02,4.7984E+02,4.8038E+02,6.9747E+02,3.4091948E+05
1.4104152E+09,4.8112E+02,4.8314E+02,4.7715E+02,4.8289E+02,6.3272E+02,3.0475874E+05
1.410426E+09,4.8085E+02,4.8658E+02,4.7899E+02,4.8112E+02,6.8111E+02,3.2937922E+05
1.4104368E+09,4.7816E+02,4.8029E+02,4.7604E+02,4.8085E+02,6.952E+02,3.3856547E+05
1.4104476E+09,4.7855E+02,4.7966E+02,4.7695E+02,4.7816E+02,9.4448E+02,4.64556E+05
1.4104584E+09,4.7728E+02,4.7876E+02,4.7478E+02,4.7855E+02,1.12727E+03,5.559386299999999E+05
1.4104692E+09,4.7812E+02,4.8507E+02,4.7602E+02,4.7728E+02,7.8045E+02,3.9219351E+05
1.41048E+09,4.7574E+02,4.7971E+02,4.7505E+02,4.7812E+02,4.9496E+02,2.4782727999999997E+05
1.4104908E+09,4.7762E+02,4.7815E+02,4.7381E+02,4.7574E+02,5.6255E+02,2.7196482999999996E+05
1.4105016E+09,4.7384E+02,4.7777E+02,4.7336E+02,4.7762E+02,7.3536E+02,3.5234544999999995E+05
1.4105124E+09,4.7361E+02,4.7685E+02,4.7098E+02,4.7384E+02,5.3772E+02,2.5854255E+05
1.4105232E+09,4.7571E+02,4.7729E+02,4.7305E+02,4.7361E+02,5.4823E+02,2.6528081E+05
1.410534E+09,4.7739E+02,4.7781E+02,4.7471E+02,4.7571E+02,6.9827E+02,3.4514147E+05
1.4105448E+09,4.7739E+02,4.7772E+02,4.7475E+02,4.7739E+02,8.8074E+02,4.3142986000000004E+05
1.4105556E+09,4.7772E+02,4.7775E+02,4.752E+02,4.7739E+02,6.8763E+02,3.4201596E+05
1.4105664E+09,4.7558E+02,4.7969E+02,4.7541E+02,4.7772E+02,4.9966999999999996E+02,2.463215E+05
1.4105772E+09,4.7628E+02,4.766E+02,4.7423E+02,4.7558E+02,4.2798E+02,2.0668418E+05
1.410588E+09,4.7541E+02,4.7889E+02,4.7504E+02,4.7628E+02,6.9855E+02,3.3344143E+05
1.4105988E+09,4.7715E+02,4.7811E+02,4.758E+02,4.7541E+02,5.653100000000001E+02,2.7108419999999995E+05
1.4106096E+09,4.8019E+02,4.8097E+02,4.7667E+02,4.7715E+02,9.6856E+02,4.6665545E+05
1.4106204E+09,4.7955E+02,4.8044E+02,4.7794E+02,4.8019E+02,7.791299999999999E+02,3.8728345999999996E+05
1.4106312E+09,4.801E+02,4.8042E+02,4.7811E+02,4.7955E+02,7.7645E+02,3.8494931999999995E+05
1.410642E+09,4.7755E+02,4.8017E+02,4.7677E+02,4.801E+02,5.5901E+02,2.7337345E+05
1.4106528E+09,4.7888E+02,4.8032E+02,4.7712E+02,4.7755E+02,4.3134E+02,2.1001929E+05
1.4106636E+09,4.7773E+02,4.7997E+02,4.7647E+02,4.7888E+02,4.8224999999999994E+02,2.3219977E+05
1.4106744E+09,4.7711E+02,4.7931E+02,4.7568E+02,4.7773E+02,4.8530999999999995E+02,2.3237909E+05
1.4106852E+09,4.7504E+02,4.7881E+02,4.7503E+02,4.7711E+02,5.9358E+02,2.8336067E+05
1.410696E+09,4.7826E+02,4.7875E+02,4.711E+02,4.7504E+02,6.8669E+02,3.285242E+05
1.4107068E+09,4.7763E+02,4.7896E+02,4.7584E+02,4.7826E+02,5.3078E+02,2.5790491E+05
1.4107176E+09,4.7703E+02,4.7936E+02,4.7591E+02,4.7763E+02,6.1914E+02,3.0283692E+05
1.4107284E+09,4.7751E+02,4.7861E+02,4.7526E+02,4.7703E+02,3.7666999999999996E+02,1.845651E+05
1.4107392E+09,4.7619E+02,4.7814E+02,4.756E+02,4.7751E+02,4.5869999999999993E+02,2.2264759000000003E+05
1.41075E+09,4.7795E+02,4.7806E+02,4.7634E+02,4.7619E+02,6.3352E+02,3.0477016E+05
1.4107608E+09,4.7722E+02,4.7822E+02,4.7676E+02,4.7795E+02,4.5515999999999997E+02,2.1914933000000002E+05
1.4107716E+09,4.7414E+02,4.7842E+02,4.7317E+02,4.7722E+02,6.520699999999999E+02,3.1208395E+05
1.4107824E+09,4.7782E+02,4.7877E+02,4.7501E+02,4.7414E+02,6.6114E+02,3.2080835E+05
1.4107932E+09,4.7749E+02,4.7805E+02,4.7643E+02,4.7782E+02,1.08155E+03,5.3720175E+05
1.410804E+09,4.7626E+02,4.7749E+02,4.758E+02,4.7749E+02,7.1996E+02,3.6053143E+05
1.4108148E+09,4.7789E+02,4.7803E+02,4.7662E+02,4.7626E+02,9.6773E+02,4.762696699999999E+05
1.4108256E+09,4.7643E+02,4.7833E+02,4.7385E+02,4.7789E+02,1.0391299999999999E+03,5.0429502E+05
1.4108364E+09,4.7511E+02,4.7751E+02,4.7137E+02,4.7643E+02,6.2827E+02,3.0334512E+05
1.4108472E+09,4.7336E+02,4.7532E+02,4.7224E+02,4.7511E+02,4.3040999999999997E+02,2.0483765E+05
1.410858E+09,4.7523E+02,4.7731E+02,4.7158E+02,4.7336E+02,6.474699999999999E+02,3.0920556E+05
1.4108688E+09,4.7174E+02,4.7776E+02,4.7174E+02,4.7523E+02,5.756899999999999E+02,2.7606716000000003E+05
1.4108796E+09,4.7046E+02,4.7305E+02,4.6934E+02,4.7174E+02,9.8525E+02,4.7641482E+05
1.4108904E+09,4.7012E+02,4.7112E+02,4.6907E+02,4.7046E+02,1.26751E+03,6.118278099999999E+05
1.4109012E+09,4.6553E+02,4.6962E+02,4.6361E+02,4.7012E+02,9.486299999999999E+02,4.5356137999999995E+05
1.410912E+09,4.6655E+02,4.6795E+02,4.664E+02,4.6553E+02,6.8639E+02,3.267278E+05
1.4109228E+09,4.6872E+02,4.7025E+02,4.6547E+02,4.6655E+02,6.9321E+02,3.287237E+05
1.4109336E+09,4.6817E+02,4.6897E+02,4.6612E+02,4.6872E+02,1.0051199999999999E+03,4.7302195999999996E+05
1.4109444E+09,4.6566E+02,4.6834E+02,4.6517E+02,4.6817E+02,5.8638E+02,2.7364263E+05
1.4109552E+09,4.5998E+02,4.6616E+02,4.5845E+02,4.6566E+02,6.6849E+02,3.144478E+05
1.410966E+09,4.6105E+02,4.628E+02,4.5969E+02,4.5998E+02,1.02723E+03,4.8113782E+05
1.4109768E+09,4.5867E+02,4.6061E+02,4.5755E+02,4.6105E+02,1.37503E+03,6.421870800000001E+05
1.4109876E+09,4.6119E+02,4.6203E+02,4.5817E+02,4.5867E+02,1.4631299999999999E+03,6.8237404E+05
1.4109984E+09,4.5502E+02,4.6174E+02,4.4898E+02,4.6119E+02,1.06907E+03,4.9640741000000003E+05
1.4110092E+09,4.5368E+02,4.5628E+02,4.5323E+02,4.5502E+02,7.469399999999999E+02,3.4329971E+05
1.41102E+09,4.5482E+02,4.5628E+02,4.5337E+02,4.5368E+02,4.009E+02,1.8390426E+05
1.4110308E+09,4.4939E+02,4.5465E+02,4.4836E+02,4.5482E+02,7.667E+02,3.4820683999999997E+05
1.4110416E+09,4.323E+02,4.4955E+02,4.3012E+02,4.4939E+02,1.6599099999999999E+03,7.3098704E+05
1.4110524E+09,4.2029E+02,4.3605E+02,4.1513E+02,4.323E+02,1.2873600000000001E+03,5.641529600000001E+05
1.4110632E+09,4.1688E+02,4.2571E+02,4.0805E+02,4.2029E+02,1.5314499999999998E+03,6.556163799999999E+05
1.411074E+09,4.2348E+02,4.2893E+02,4.1606E+02,4.1688E+02,1.46222E+03,6.2433347E+05
1.4110848E+09,4.2099E+02,4.2404E+02,4.1716E+02,4.2348E+02,5.6647E+02,2.4670398E+05
1.4110956E+09,4.2713E+02,4.2872E+02,4.2081E+02,4.2099E+02,3.3535E+02,1.4737207E+05
1.4111064E+09,4.0402E+02,4.2776E+02,4.0317E+02,4.2713E+02,8.2876E+02,3.4965421E+05
1.4111172E+09,3.9509E+02,4.0585E+02,3.8845E+02,4.0402E+02,1.8829700000000003E+03,7.5166775E+05
1.411128E+09,4.0271E+02,4.028E+02,3.8548E+02,3.9509E+02,2.18862E+03,8.6669626E+05
1.4111388E+09,4.005E+02,4.0397E+02,3.9823E+02,4.0271E+02,3.4952200000000003E+03,1.41288399E+06
1.4111496E+09,3.9619E+02,4.0236E+02,3.9571E+02,4.005E+02,2.8881E+03,1.16784375E+06
1.4111604E+09,3.9757E+02,4.0022E+02,3.9471E+02,3.9619E+02,2.7833199999999997E+03,1.1198856E+06
1.4111712E+09,3.9301E+02,3.9764E+02,3.8692E+02,3.9757E+02,2.24164E+03,8.8842801E+05
1.411182E+09,4.1394E+02,4.1956E+02,3.9319E+02,3.9301E+02,2.6753999999999996E+03,1.10031382E+06
1.4111928E+09,4.1389E+02,4.1764E+02,4.0924E+02,4.1394E+02,1.9385899999999997E+03,8.031881900000001E+05
1.4112036E+09,4.2692E+02,4.2815E+02,4.1103E+02,4.1389E+02,1.5079E+03,6.3249702E+05
1.4112144E+09,4.2055E+02,4.2757E+02,4.1586E+02,4.2692E+02,1.27807E+03,5.3866204E+05
1.4112252E+09,4.1699E+02,4.2738E+02,4.1673E+02,4.2055E+02,1.75956E+03,7.491875700000001E+05
1.411236E+09,4.1131E+02,4.1829E+02,4.073E+02,4.1699E+02,1.7735300000000002E+03,7.4377569E+05
1.4112468E+09,4.1246E+02,4.1483E+02,4.055E+02,4.1131E+02,1.11463E+03,4.6362430999999994E+05
1.4112576E+09,4.1245E+02,4.1557E+02,4.0899E+02,4.1246E+02,1.09801E+03,4.5568128E+05
1.4112684E+09,4.0071E+02,4.1391E+02,3.9906E+02,4.1245E+02,1.28395E+03,5.2276439E+05
1.4112792E+09,4.024E+02,4.077E+02,3.9489E+02,4.0071E+02,1.39549E+03,5.5866529E+05
1.41129E+09,3.9806E+02,4.0332E+02,3.9474E+02,4.024E+02,1.20716E+03,4.8499961E+05
1.4113008E+09,4.0546E+02,4.077E+02,3.9626E+02,3.9806E+02,1.23348E+03,4.9715841E+05
1.4113116E+09,4.0078E+02,4.1023E+02,4.0027E+02,4.0546E+02,1.38123E+03,5.6458631E+05
1.4113224E+09,4.0234E+02,4.0568E+02,4.0084E+02,4.0078E+02,1.18731E+03,4.8574173E+05
1.4113332E+09,4.0155E+02,4.0392E+02,3.9777E+02,4.0234E+02,1.6347E+03,6.601301E+05
1.411344E+09,4.0104E+02,4.032E+02,3.9853E+02,4.0155E+02,8.524599999999999E+02,3.4406766E+05
1.4113548E+09,4.0753E+02,9.0023E+02,4.022E+02,9.0009E+02,3.3126E+02,1.3760437E+05
1.4113656E+09,4.0649E+02,4.0842E+02,4.0352E+02,4.0753E+02,9.022E+02,3.7500069999999995E+05
1.4113764E+09,4.0409E+02,4.0927E+02,4.0282E+02,4.0649E+02,1.15972E+03,4.730529600000001E+05
1.4113872E+09,4.0059E+02,4.0636E+02,3.9998E+02,4.0409E+02,2.3111099999999997E+03,9.364636E+05
1.411398E+09,4.0399E+02,4.0479E+02,3.9711E+02,4.0059E+02,2.4563E+03,1.00357492E+06
1.4114088E+09,4.0607E+02,4.0661E+02,4.0263E+02,4.0399E+02,2.67084E+03,1.10214106E+06
1.4114196E+09,4.044E+02,4.0916E+02,4.0368E+02,4.0607E+02,2.83069E+03,1.15987679E+06
1.4114304E+09,4.0515E+02,4.0889E+02,4.0359E+02,4.044E+02,1.7952899999999997E+03,7.2938682E+05
1.4114412E+09,4.0279E+02,4.0557E+02,4.0218E+02,4.0515E+02,1.1423E+03,4.6911486E+05
1.411452E+09,4.0332E+02,4.0526E+02,4.019E+02,4.0279E+02,1.36673E+03,5.5389697E+05
1.4114628E+09,3.9576E+02,4.0389E+02,3.9455E+02,4.0332E+02,1.6831799999999998E+03,6.7197352E+05
1.4114736E+09,3.9753E+02,3.9865E+02,3.9489E+02,3.9576E+02,1.56304E+03,6.2405161E+05
1.4114844E+09,3.9662E+02,3.9898E+02,3.9557E+02,3.9753E+02,2.09835E+03,8.4480448E+05
1.4114952E+09,4.324E+02,4.4718E+02,3.9723E+02,3.9662E+02,4.28776E+03,1.83755852E+06
1.411506E+09,4.3695E+02,4.445E+02,4.3213E+02,4.324E+02,4.0034800000000005E+03,1.76007481E+06
1.4115168E+09,4.3502E+02,4.4008E+02,4.3204E+02,4.3695E+02,2.13151E+03,9.329456699999999E+05
1.4115276E+09,4.2941E+02,4.3591E+02,4.2845E+02,4.3502E+02,1.55452E+03,6.7464544E+05
1.4115384E+09,4.2389E+02,4.3309E+02,4.2298E+02,4.2941E+02,2.32702E+03,9.9909486E+05
1.4115492E+09,4.3139E+02,4.3175E+02,4.2219E+02,4.2389E+02,2.32252E+03,9.913119899999999E+05
1.41156E+09,4.3327E+02,4.3619E+02,4.2738E+02,4.3139E+02,2.25817E+03,9.7655873E+05
1.4115708E+09,4.2856E+02,4.3106E+02,4.2706E+02,4.3327E+02,3.55188E+03,1.53432847E+06
1.4115816E+09,4.2728E+02,4.2963E+02,4.263E+02,4.2856E+02,3.62438E+03,1.56530223E+06
1.4115924E+09,4.2186E+02,4.2928E+02,4.216E+02,4.2728E+02,3.59563E+03,1.54379682E+06
1.4116032E+09,4.1539E+02,4.2556E+02,4.1532E+02,4.2186E+02,3.54841E+03,1.50786196E+06
1.411614E+09,4.1634E+02,4.1938E+02,4.1469E+02,4.1539E+02,2.11181E+03,8.8651698E+05
1.4116248E+09,4.1135E+02,4.1673E+02,4.1058E+02,4.1634E+02,1.67523E+03,6.9620684E+05
1.4116356E+09,4.1312E+02,4.1568E+02,4.1149E+02,4.1135E+02,1.3907900000000002E+03,5.7707893E+05
1.4116464E+09,4.1613E+02,4.1613E+02,4.1007E+02,4.1312E+02,1.11922E+03,4.6483393999999994E+05
1.4116572E+09,4.1379E+02,4.1769E+02,4.1288E+02,4.1613E+02,1.49645E+03,6.338002E+05
1.411668E+09,4.1195E+02,4.1414E+02,4.1132E+02,4.1379E+02,1.6164E+03,6.7686448E+05
1.4116788E+09,4.1253E+02,4.1394E+02,4.1059E+02,4.1195E+02,1.66882E+03,7.002256100000001E+05
1.4116896E+09,4.1455E+02,4.1661E+02,4.1056E+02,4.1253E+02,1.04179E+03,4.3460885E+05
1.4117004E+09,4.1135E+02,4.147E+02,4.104E+02,4.1455E+02,8.7829E+02,3.6705006E+05
1.4117112E+09,4.0247E+02,4.1264E+02,4.0247E+02,4.1135E+02,1.1853E+03,4.8534399E+05
1.411722E+09,4.02E+02,4.061E+02,4.0007E+02,4.0247E+02,1.3813899999999999E+03,5.5953079E+05
1.4117328E+09,4.0072E+02,4.0494E+02,4.0045E+02,4.02E+02,1.75893E+03,7.1246546E+05
1.4117436E+09,4.0466E+02,4.0534E+02,4.0065E+02,4.0072E+02,2.17762E+03,8.9396227E+05
1.4117544E+09,4.062E+02,4.0738E+02,4.0341E+02,4.0466E+02,1.8120499999999997E+03,7.3703633E+05
1.4117652E+09,4.0391E+02,4.0679E+02,4.0386E+02,4.062E+02,1.8797000000000003E+03,7.7648203E+05
1.411776E+09,4.0497E+02,4.0519E+02,4.012E+02,4.0391E+02,1.23394E+03,5.0541062E+05
1.4117868E+09,4.0464E+02,4.081E+02,4.0337E+02,4.0497E+02,6.4824E+02,2.6507561E+05
1.4117976E+09,4.0389E+02,4.0609E+02,4.0304E+02,4.0464E+02,1.1533000000000002E+03,4.6839588E+05
1.4118084E+09,4.0455E+02,4.0498E+02,4.0375E+02,4.0389E+02,1.21771E+03,4.9290575E+05
1.4118192E+09,4.0503E+02,4.0565E+02,4.0351E+02,4.0455E+02,9.368599999999999E+02,3.8000795E+05
1.41183E+09,3.9737E+02,4.0678E+02,3.9702E+02,4.0503E+02,1.7028000000000002E+03,6.9251632E+05
1.4118408E+09,3.9722E+02,3.9954E+02,3.9541E+02,3.9737E+02,1.5049299999999998E+03,6.0504824E+05
1.4118516E+09,3.9924E+02,3.994E+02,3.9704E+02,3.9722E+02,1.3374699999999998E+03,5.4106767E+05
1.4118624E+09,3.9854E+02,4.0104E+02,3.9714E+02,3.9924E+02,1.19045E+03,4.8012398E+05
1.4118732E+09,3.9763E+02,4.0067E+02,3.9763E+02,3.9854E+02,9.4495E+02,3.79601E+05
1.411884E+09,3.9762E+02,3.9879E+02,3.9636E+02,3.9763E+02,8.800999999999999E+02,3.5112383E+05
1.4118948E+09,3.9624E+02,3.978E+02,3.9498E+02,3.9762E+02,9.786100000000001E+02,3.8900181999999995E+05
1.4119056E+09,3.9145E+02,3.9843E+02,3.8984E+02,3.9624E+02,1.90236E+03,7.4817704E+05
1.4119164E+09,3.8358E+02,3.9238E+02,3.8332E+02,3.9145E+02,2.0339500000000003E+03,7.952714199999999E+05
1.4119272E+09,3.8466E+02,3.8676E+02,3.8155E+02,3.8358E+02,3.11356E+03,1.20250264E+06
1.411938E+09,3.7855E+02,3.8629E+02,3.7518E+02,3.8466E+02,2.89317E+03,1.10753697E+06
1.4119488E+09,3.8357E+02,3.8979E+02,3.7569E+02,3.7855E+02,2.59551E+03,9.947100099999999E+05
1.4119596E+09,3.8069E+02,3.8686E+02,3.8032E+02,3.8357E+02,2.09126E+03,8.0262847E+05
1.4119704E+09,3.7596E+02,3.8105E+02,3.7356E+02,3.8069E+02,2.29695E+03,8.6840758E+05
1.4119812E+09,3.7513E+02,3.7993E+02,3.7413E+02,3.7596E+02,1.67465E+03,6.3129089E+05
1.411992E+09,3.8574E+02,3.8748E+02,3.7599E+02,3.7513E+02,1.64042E+03,6.328429E+05
1.4120028E+09,3.8579E+02,3.8858E+02,3.8111E+02,3.8574E+02,2.9612799999999997E+03,1.1462968199999998E+06
1.4120136E+09,3.7851E+02,3.8614E+02,3.7774E+02,3.8579E+02,3.3361099999999997E+03,1.28947842E+06
1.4120244E+09,3.758E+02,3.8118E+02,3.7463E+02,3.7851E+02,4.08838E+03,1.55910453E+06
1.4120352E+09,3.749E+02,3.7897E+02,3.7321E+02,3.758E+02,2.08054E+03,7.922041599999999E+05
1.412046E+09,3.771E+02,3.8153E+02,3.7398E+02,3.749E+02,1.85614E+03,7.0637655E+05
1.4120568E+09,3.7691E+02,3.7863E+02,3.7541E+02,3.771E+02,1.86666E+03,7.046766699999999E+05
1.4120676E+09,3.7943E+02,3.8008E+02,3.7644E+02,3.7691E+02,1.70703E+03,6.4577639E+05
1.4120784E+09,3.8079E+02,3.8373E+02,3.7929E+02,3.7943E+02,1.27925E+03,4.9032314E+05
1.4120892E+09,3.838E+02,3.8713E+02,3.8036E+02,3.8079E+02,2.61929E+03,1.01677967E+06
1.4121E+09,3.9153E+02,3.9532E+02,3.8344E+02,3.838E+02,3.37424E+03,1.32346861E+06
1.4121108E+09,3.8802E+02,3.9217E+02,3.8627E+02,3.9153E+02,2.13795E+03,8.4082719E+05
1.4121216E+09,3.9017E+02,3.9019E+02,3.8654E+02,3.8802E+02,1.6151999999999998E+03,6.362192E+05
1.4121324E+09,3.9196E+02,3.9523E+02,3.8958E+02,3.9017E+02,1.7340299999999997E+03,6.8351431E+05
1.4121432E+09,3.8968E+02,3.928E+02,3.8742E+02,3.9196E+02,2.10427E+03,8.2236705E+05
1.412154E+09,3.8666E+02,3.9087E+02,3.8547E+02,3.8968E+02,2.0247199999999998E+03,7.857434299999999E+05
1.4121648E+09,3.8393E+02,3.8697E+02,3.8133E+02,3.8666E+02,2.79899E+03,1.07646616E+06
1.4121756E+09,3.842E+02,3.8548E+02,3.8096E+02,3.8393E+02,3.34645E+03,1.28948459E+06
1.4121864E+09,3.8414E+02,3.856E+02,3.8327E+02,3.842E+02,2.4392599999999998E+03,9.540418400000001E+05
1.4121972E+09,3.8269E+02,3.8381E+02,3.8181E+02,3.8414E+02,1.66805E+03,6.4500719E+05
1.412208E+09,3.847E+02,3.8549E+02,3.8272E+02,3.8269E+02,1.88758E+03,7.3073945E+05
1.4122188E+09,3.8344E+02,3.8468E+02,3.8303E+02,3.847E+02,1.52708E+03,5.896086E+05
1.4122296E+09,3.8096E+02,3.8438E+02,3.8061E+02,3.8344E+02,1.58403E+03,6.072414E+05
1.4122404E+09,3.8142E+02,3.8199E+02,3.8014E+02,3.8096E+02,1.5604E+03,5.958671499999999E+05
1.4122512E+09,3.7612E+02,3.8202E+02,3.7505E+02,3.8142E+02,1.75053E+03,6.666254600000001E+05
1.412262E+09,3.7333E+02,3.7721E+02,3.7323E+02,3.7612E+02,1.87872E+03,7.088666599999999E+05
1.4122728E+09,3.7592E+02,3.765E+02,3.7213E+02,3.7333E+02,2.27057E+03,8.666793700000001E+05
1.4122836E+09,3.748E+02,3.7676E+02,3.7241E+02,3.7592E+02,1.84192E+03,7.0547564E+05
1.4122944E+09,3.7573E+02,3.7586E+02,3.7253E+02,3.748E+02,1.4313700000000001E+03,5.439108099999999E+05
1.4123052E+09,3.7695E+02,3.7718E+02,3.7405E+02,3.7573E+02,1.1186599999999999E+03,4.2069520999999996E+05
1.412316E+09,3.7726E+02,3.7777E+02,3.7524E+02,3.7695E+02,1.1438600000000001E+03,4.3186570000000007E+05
1.4123268E+09,3.7704E+02,3.781E+02,3.7671E+02,3.7726E+02,1.10783E+03,4.1879782E+05
1.4123376E+09,3.6906E+02,3.7689E+02,3.6684E+02,3.7704E+02,2.57288E+03,9.5928524E+05
1.4123484E+09,3.7043E+02,3.7143E+02,3.672E+02,3.6906E+02,2.9204E+03,1.08834928E+06
1.4123592E+09,3.6787E+02,3.706E+02,3.6672E+02,3.7043E+02,3.11038E+03,1.15821704E+06
1.41237E+09,3.6375E+02,3.6935E+02,3.6312E+02,3.6787E+02,3.4026E+03,1.25745295E+06
1.4123808E+09,3.6758E+02,3.6995E+02,3.6338E+02,3.6375E+02,2.31909E+03,8.5191478E+05
1.4123916E+09,3.6567E+02,3.6843E+02,3.649E+02,3.6758E+02,2.40236E+03,8.8414924E+05
1.4124024E+09,3.5617E+02,3.6581E+02,3.5616E+02,3.6567E+02,2.24271E+03,8.129898799999999E+05
1.4124132E+09,3.5237E+02,3.5624E+02,3.4843E+02,3.5617E+02,2.58284E+03,9.1216578E+05
1.412424E+09,3.4323E+02,3.5262E+02,3.4087E+02,3.5237E+02,3.1133100000000004E+03,1.07932552E+06
1.4124348E+09,3.3561E+02,3.4808E+02,3.2759E+02,3.4323E+02,3.6564500000000003E+03,1.2528956E+06
1.4124456E+09,3.3358E+02,3.3903E+02,3.2895E+02,3.3561E+02,3.38054E+03,1.13897135E+06
1.4124564E+09,3.3519E+02,3.3991E+02,3.3169E+02,3.3358E+02,3.3387E+03,1.11832246E+06
1.4124672E+09,3.3807E+02,3.3807E+02,3.3042E+02,3.3519E+02,2.65383E+03,8.933528400000001E+05
1.412478E+09,3.3503E+02,3.4421E+02,3.3503E+02,3.3807E+02,2.98856E+03,1.01548344E+06
1.4124888E+09,3.205E+02,3.3738E+02,3.18E+02,3.3503E+02,3.1836400000000003E+03,1.0567954500000002E+06
1.4124996E+09,3.1079E+02,3.2275E+02,3.0362E+02,3.205E+02,3.48634E+03,1.09686317E+06
1.4125104E+09,3.1573E+02,3.2103E+02,3.0867E+02,3.1079E+02,3.19861E+03,1.0105743600000001E+06
1.4125212E+09,3.0231E+02,3.157E+02,2.9528E+02,3.1573E+02,4.25626E+03,1.30765597E+06
1.412532E+09,3.1165E+02,3.1997E+02,3.0126E+02,3.0231E+02,5.383110000000001E+03,1.66312142E+06
1.4125428E+09,3.2282E+02,3.2336E+02,3.0386E+02,3.1165E+02,4.70079E+03,1.4687254700000002E+06
1.4125536E+09,3.0663E+02,3.2558E+02,3.0343E+02,3.2282E+02,4.33366E+03,1.36065152E+06
1.4125644E+09,3.1032E+02,3.1355E+02,3.0565E+02,3.0663E+02,3.90738E+03,1.2127121400000001E+06
1.4125752E+09,3.2357E+02,3.2906E+02,3.091E+02,3.1032E+02,4.15646E+03,1.3269899700000002E+06
1.412586E+09,3.3074E+02,3.3623E+02,3.2354E+02,3.2357E+02,4.03E+03,1.32856803E+06
1.4125968E+09,3.3774E+02,3.3778E+02,3.2939E+02,3.3074E+02,3.8856000000000004E+03,1.2979846E+06
1.4126076E+09,3.439E+02,3.4772E+02,3.3442E+02,3.3774E+02,7.806299999999999E+03,2.67536859E+06
1.4126184E+09,3.3726E+02,3.4371E+02,3.3312E+02,3.439E+02,7.230959999999999E+03,2.4599859299999997E+06
1.4126292E+09,3.3134E+02,3.4198E+02,3.311E+02,3.3726E+02,5.8212E+03,1.9798289200000002E+06
1.41264E+09,3.3904E+02,3.4012E+02,3.3135E+02,3.3134E+02,4.91849E+03,1.6530301199999999E+06
1.4126508E+09,3.4075E+02,3.4615E+02,3.3886E+02,3.3904E+02,3.55632E+03,1.21968874E+06
1.4126616E+09,3.2644E+02,3.449E+02,3.2337E+02,3.4075E+02,5.3938E+03,1.79245653E+06
1.4126724E+09,3.2491E+02,3.3001E+02,3.2168E+02,3.2644E+02,3.17954E+03,1.0399563500000001E+06
1.4126832E+09,3.31E+02,3.3429E+02,3.2535E+02,3.2491E+02,3.4729799999999996E+03,1.1530571400000001E+06
1.412694E+09,3.3083E+02,3.3181E+02,3.2542E+02,3.31E+02,3.8174799999999996E+03,1.26854921E+06
1.4127048E+09,3.2936E+02,3.3182E+02,3.271E+02,3.3083E+02,3.46766E+03,1.1633929100000001E+06
1.4127156E+09,3.3169E+02,3.33E+02,3.2837E+02,3.2936E+02,2.36756E+03,7.8588751E+05
1.4127264E+09,3.3051E+02,3.3895E+02,3.2737E+02,3.3169E+02,2.57455E+03,8.634075800000001E+05
1.4127372E+09,3.302E+02,3.3417E+02,3.2541E+02,3.3051E+02,2.43325E+03,8.0404093E+05
1.412748E+09,3.3667E+02,3.3818E+02,3.2906E+02,3.302E+02,2.3174E+03,7.7257851E+05
1.4127588E+09,3.3864E+02,3.4217E+02,3.3351E+02,3.3667E+02,3.29149E+03,1.11448906E+06
1.4127696E+09,3.3817E+02,3.3985E+02,3.3426E+02,3.3864E+02,2.1454E+03,7.2564212E+05
1.4127804E+09,3.4088E+02,3.4573E+02,3.3792E+02,3.3817E+02,2.8443399999999997E+03,9.8662179E+05
1.4127912E+09,3.4487E+02,3.4623E+02,3.3927E+02,3.4088E+02,3.5926499999999996E+03,1.24598286E+06
1.412802E+09,3.5094E+02,3.5188E+02,3.4469E+02,3.4487E+02,2.5705E+03,9.0073689E+05
1.4128128E+09,3.5208E+02,3.5576E+02,3.4951E+02,3.5094E+02,3.15324E+03,1.12176925E+06
1.4128236E+09,3.5027E+02,3.5427E+02,3.4724E+02,3.5208E+02,2.52319E+03,8.8880393E+05
1.4128344E+09,3.5596E+02,3.5859E+02,3.49E+02,3.5027E+02,3.40749E+03,1.20722517E+06
1.4128452E+09,3.6375E+02,3.6637E+02,3.5568E+02,3.5596E+02,3.80269E+03,1.3785117E+06
1.412856E+09,3.7251E+02,3.7346E+02,3.6425E+02,3.6375E+02,4.3692300000000005E+03,1.61056191E+06
1.4128668E+09,3.7292E+02,3.8366E+02,3.7177E+02,3.7251E+02,5.7103E+03,2.16479335E+06
1.4128776E+09,3.7254E+02,3.7804E+02,3.7068E+02,3.7292E+02,4.79816E+03,1.80204197E+06
1.4128884E+09,3.6158E+02,3.7309E+02,3.5535E+02,3.7254E+02,7.8270599999999995E+03,2.84633103E+06
1.4128992E+09,3.6639E+02,3.6837E+02,3.6114E+02,3.6158E+02,3.26994E+03,1.2006200699999998E+06
1.41291E+09,3.7531E+02,3.7562E+02,3.6616E+02,3.6639E+02,3.52539E+03,1.3098394100000001E+06
1.4129208E+09,3.6584E+02,3.7832E+02,3.6527E+02,3.7531E+02,3.68141E+03,1.37287181E+06
1.4129316E+09,3.6768E+02,3.7005E+02,3.6065E+02,3.6584E+02,3.3097300000000005E+03,1.2101434100000001E+06
1.4129424E+09,3.6007E+02,3.6767E+02,3.5605E+02,3.6768E+02,3.8226800000000003E+03,1.38621096E+06
1.4129532E+09,3.6006E+02,3.6305E+02,3.538E+02,3.6007E+02,4.89375E+03,1.7620448599999999E+06
1.412964E+09,3.5909E+02,3.6269E+02,3.5728E+02,3.6006E+02,3.2082400000000002E+03,1.1713030899999999E+06
1.4129748E+09,3.6183E+02,3.6297E+02,3.5795E+02,3.5909E+02,2.69927E+03,9.818226100000001E+05
1.4129856E+09,3.6644E+02,3.7006E+02,3.6118E+02,3.6183E+02,2.60912E+03,9.581408899999999E+05
1.4129964E+09,3.6294E+02,3.6922E+02,3.5965E+02,3.6644E+02,1.7232999999999997E+03,6.2788736E+05
1.4130072E+09,3.6288E+02,3.6775E+02,3.6083E+02,3.6294E+02,1.21192E+03,4.4220979000000004E+05
1.413018E+09,3.5604E+02,3.629E+02,3.5314E+02,3.6288E+02,1.9846E+03,7.1042069E+05
1.4130288E+09,3.5152E+02,3.5803E+02,3.5152E+02,3.5604E+02,1.6796200000000001E+03,6.0607749E+05
1.4130396E+09,3.561E+02,3.5947E+02,3.5048E+02,3.5152E+02,1.57073E+03,5.6055752E+05
1.4130504E+09,3.5979E+02,3.6188E+02,3.5524E+02,3.561E+02,1.60188E+03,5.8334193E+05
1.4130612E+09,3.6075E+02,3.6191E+02,3.5691E+02,3.5979E+02,1.5453E+03,5.603780800000001E+05
1.413072E+09,3.5744E+02,3.6165E+02,3.5571E+02,3.6075E+02,9.888199999999999E+02,3.5874579E+05
1.4130828E+09,3.5904E+02,3.5992E+02,3.5659E+02,3.5744E+02,7.5748E+02,2.7247929E+05
1.4130936E+09,3.582E+02,3.6123E+02,3.5643E+02,3.5904E+02,1.5761999999999998E+03,5.6576206E+05
1.4131044E+09,3.5255E+02,3.5533E+02,3.5204E+02,3.582E+02,1.14906E+03,4.0665573E+05
1.4131152E+09,3.5599E+02,3.5754E+02,3.5231E+02,3.5255E+02,9.723399999999999E+02,3.4673135E+05
1.413126E+09,3.6097E+02,3.6301E+02,3.5564E+02,3.5599E+02,1.4595E+03,5.2853169E+05
1.4131368E+09,3.6753E+02,3.6999E+02,3.5972E+02,3.6097E+02,2.38886E+03,8.7970767E+05
1.4131476E+09,3.7176E+02,3.7332E+02,3.6555E+02,3.6753E+02,1.9352800000000002E+03,7.1925348E+05
1.4131584E+09,3.6963E+02,3.7425E+02,3.6805E+02,3.7176E+02,1.68951E+03,6.3148623E+05
1.4131692E+09,3.6805E+02,3.7273E+02,3.6586E+02,3.6963E+02,1.99837E+03,7.3966182E+05
1.41318E+09,3.7659E+02,3.7784E+02,3.6593E+02,3.6805E+02,2.6558500000000004E+03,9.8492797E+05
1.4131908E+09,3.7568E+02,3.7898E+02,3.7157E+02,3.7659E+02,2.3290499999999997E+03,8.7551906E+05
1.4132016E+09,3.7965E+02,3.8048E+02,3.7176E+02,3.7568E+02,3.0820299999999997E+03,1.16087929E+06
1.4132124E+09,3.7913E+02,3.7991E+02,3.6816E+02,3.7965E+02,2.8902499999999995E+03,1.09187407E+06
1.4132232E+09,3.8369E+02,3.8419E+02,3.7637E+02,3.7913E+02,3.15004E+03,1.20390589E+06
1.413234E+09,3.8669E+02,3.9204E+02,3.8398E+02,3.8369E+02,5.78091E+03,2.24705615E+06
1.4132448E+09,3.8875E+02,3.942E+02,3.8503E+02,3.8669E+02,2.57603E+03,1.00800352E+06
1.4132556E+09,3.9768E+02,3.9768E+02,3.8773E+02,3.8875E+02,2.86403E+03,1.12637615E+06
1.4132664E+09,4.0239E+02,4.0835E+02,3.966E+02,3.9768E+02,4.65411E+03,1.8742888E+06
1.4132772E+09,3.9788E+02,4.029E+02,3.9383E+02,4.0239E+02,3.63183E+03,1.4478231E+06
1.413288E+09,3.952E+02,4.0253E+02,3.9414E+02,3.9788E+02,3.78784E+03,1.50909037E+06
1.4132988E+09,4.0103E+02,4.0401E+02,3.9337E+02,3.952E+02,3.41905E+03,1.3724953399999999E+06
1.4133096E+09,4.0265E+02,4.0721E+02,3.9974E+02,4.0103E+02,4.32305E+03,1.75732448E+06
1.4133204E+09,3.9665E+02,4.039E+02,3.9287E+02,4.0265E+02,3.61076E+03,1.45451207E+06
1.4133312E+09,3.8955E+02,3.9798E+02,3.8947E+02,3.9665E+02,2.45596E+03,9.7754793E+05
1.413342E+09,3.9368E+02,3.9617E+02,3.8839E+02,3.8955E+02,2.45042E+03,9.6610521E+05
1.4133528E+09,3.9149E+02,3.9772E+02,3.8808E+02,3.9368E+02,3.1366E+03,1.23367507E+06
1.4133636E+09,3.9453E+02,3.9461E+02,3.8834E+02,3.9149E+02,3.0533399999999997E+03,1.19506808E+06
1.4133744E+09,3.9461E+02,3.9641E+02,3.9186E+02,3.9453E+02,2.64259E+03,1.04143351E+06
1.4133852E+09,3.9073E+02,3.9705E+02,3.8843E+02,3.9461E+02,3.70361E+03,1.45921992E+06
1.413396E+09,3.9004E+02,3.9233E+02,3.8936E+02,3.9073E+02,2.2679E+03,8.986525499999999E+05
1.4134068E+09,3.931E+02,3.9446E+02,3.9035E+02,3.9004E+02,2.77408E+03,1.09550494E+06
1.4134176E+09,3.9533E+02,4E+02,3.93E+02,3.931E+02,1.63404E+03,6.505293200000001E+05
1.4134284E+09,3.924E+02,3.9606E+02,3.9198E+02,3.9533E+02,1.4558E+03,5.753105700000001E+05
1.4134392E+09,3.9091E+02,3.9259E+02,3.8914E+02,3.924E+02,1.69898E+03,6.664129299999999E+05
1.41345E+09,3.862E+02,3.9484E+02,3.8487E+02,3.9091E+02,1.7635300000000002E+03,6.911716099999999E+05
1.4134608E+09,3.7835E+02,3.8525E+02,3.754E+02,3.862E+02,4.198400000000001E+03,1.59993704E+06
1.4134716E+09,3.7892E+02,3.8064E+02,3.7707E+02,3.7835E+02,3.0376099999999997E+03,1.161032E+06
1.4134824E+09,3.7424E+02,3.7934E+02,3.7108E+02,3.7892E+02,3.99407E+03,1.50549727E+06
1.4134932E+09,3.7981E+02,3.8182E+02,3.7351E+02,3.7424E+02,3.00348E+03,1.14977824E+06
1.413504E+09,3.8222E+02,3.8247E+02,3.7907E+02,3.7981E+02,2.06171E+03,7.9005424E+05
1.4135148E+09,3.8195E+02,3.82E+02,3.7714E+02,3.8222E+02,2.17755E+03,8.287632399999999E+05
1.4135256E+09,3.8163E+02,3.8459E+02,3.8029E+02,3.8195E+02,2.1532799999999997E+03,8.263647799999999E+05
1.4135364E+09,3.7543E+02,3.8152E+02,3.7446E+02,3.8163E+02,2.30885E+03,8.753583399999999E+05
1.4135472E+09,3.7677E+02,3.7891E+02,3.7478E+02,3.7543E+02,2.037E+03,7.7069725E+05
1.413558E+09,3.7867E+02,3.8101E+02,3.7168E+02,3.7677E+02,2.38763E+03,9.084310499999999E+05
1.4135688E+09,3.7941E+02,3.8207E+02,3.7788E+02,3.7867E+02,1.6412E+03,6.2720453E+05
1.4135796E+09,3.7996E+02,3.8276E+02,3.7893E+02,3.7941E+02,1.8006399999999999E+03,6.9760414E+05
1.4135904E+09,3.7606E+02,3.8115E+02,3.7357E+02,3.7996E+02,1.37745E+03,5.2562826E+05
1.4136012E+09,3.7812E+02,3.8027E+02,3.7521E+02,3.7606E+02,1.1166100000000001E+03,4.2488727E+05
1.413612E+09,3.7737E+02,3.7891E+02,3.7661E+02,3.7812E+02,7.6545E+02,2.9069026E+05
1.4136228E+09,3.8174E+02,3.8242E+02,3.7684E+02,3.7737E+02,9.013199999999999E+02,3.4378341E+05
1.4136336E+09,3.873E+02,3.8866E+02,3.7842E+02,3.8174E+02,1.4396299999999999E+03,5.5310745E+05
1.4136444E+09,3.9037E+02,3.9236E+02,3.8641E+02,3.873E+02,1.51628E+03,5.9762819E+05
1.4136552E+09,3.9241E+02,3.9259E+02,3.8837E+02,3.9037E+02,1.30667E+03,5.1718252999999997E+05
1.413666E+09,3.9107E+02,3.9605E+02,3.9073E+02,3.9241E+02,1.02237E+03,4.048938E+05
1.4136768E+09,3.9056E+02,3.9171E+02,3.8864E+02,3.9107E+02,6.806600000000001E+02,2.6859036E+05
1.4136876E+09,3.9231E+02,3.9472E+02,3.9023E+02,3.9056E+02,7.0692E+02,2.7995647E+05
1.4136984E+09,3.9227E+02,3.9378E+02,3.9039E+02,3.9231E+02,6.654E+02,2.6229483E+05
1.4137092E+09,3.8545E+02,3.9168E+02,3.8542E+02,3.9227E+02,7.7951E+02,3.0298834E+05
1.41372E+09,3.8839E+02,3.8851E+02,3.8342E+02,3.8545E+02,7.186600000000001E+02,2.7792693E+05
1.4137308E+09,3.8761E+02,3.9161E+02,3.871E+02,3.8839E+02,4.9964E+02,1.9653697999999998E+05
1.4137416E+09,3.8677E+02,3.8903E+02,3.8614E+02,3.8761E+02,5.610600000000001E+02,2.1959763E+05
1.4137524E+09,3.8705E+02,3.8992E+02,3.8612E+02,3.8677E+02,7.137E+02,2.8061698E+05
1.4137632E+09,3.8335E+02,3.8796E+02,3.8113E+02,3.8705E+02,8.4631E+02,3.2919197E+05
1.413774E+09,3.8022E+02,3.8596E+02,3.7898E+02,3.8335E+02,8.723E+02,3.3564619E+05
1.4137848E+09,3.8061E+02,3.8263E+02,3.7905E+02,3.8022E+02,1.3524099999999999E+03,5.1623861E+05
1.4137956E+09,3.8164E+02,3.8267E+02,3.7909E+02,3.8061E+02,1.2691399999999999E+03,4.8412766000000003E+05
1.4138064E+09,3.8307E+02,3.8401E+02,3.8033E+02,3.8164E+02,1.0808899999999999E+03,4.1317249E+05
1.4138172E+09,3.8191E+02,3.8377E+02,3.8023E+02,3.8307E+02,1.6759E+03,6.538878400000001E+05
1.413828E+09,3.8164E+02,3.821E+02,3.7899E+02,3.8191E+02,1.58173E+03,6.1570484E+05
1.4138388E+09,3.8043E+02,3.8201E+02,3.795E+02,3.8164E+02,1.8767800000000002E+03,7.2774075E+05
1.4138496E+09,3.8039E+02,3.8152E+02,3.7815E+02,3.8043E+02,1.1066599999999999E+03,4.291335E+05
1.4138604E+09,3.8108E+02,3.826E+02,3.79E+02,3.8039E+02,1.05769E+03,4.0548507E+05
1.4138712E+09,3.81E+02,3.8218E+02,3.7914E+02,3.8108E+02,9.1988E+02,3.5030717E+05
1.413882E+09,3.8461E+02,3.8579E+02,3.8077E+02,3.81E+02,1.01586E+03,3.8982206E+05
1.4138928E+09,3.8672E+02,3.8875E+02,3.8413E+02,3.8461E+02,8.6472E+02,3.3616375E+05
1.4139036E+09,3.8416E+02,3.8652E+02,3.8357E+02,3.8672E+02,1.6106599999999999E+03,6.2936021E+05
1.4139144E+09,3.8157E+02,3.8405E+02,3.8103E+02,3.8416E+02,1.8578600000000001E+03,7.2479171E+05
1.4139252E+09,3.8331E+02,3.8497E+02,3.8113E+02,3.8157E+02,1.22879E+03,4.8071569999999995E+05
1.413936E+09,3.8189E+02,3.8238E+02,3.8023E+02,3.8331E+02,1.20863E+03,4.7044098E+05
1.4139468E+09,3.8337E+02,3.8367E+02,3.8161E+02,3.8189E+02,9.9805E+02,3.8504477E+05
1.4139576E+09,3.7936E+02,3.8367E+02,3.7843E+02,3.8337E+02,1.02264E+03,3.9214239E+05
1.4139684E+09,3.7874E+02,3.8023E+02,3.7688E+02,3.7936E+02,1.29515E+03,4.9029792E+05
1.4139792E+09,3.8029E+02,3.8053E+02,3.7773E+02,3.7874E+02,1.2935700000000002E+03,4.9409884E+05
1.41399E+09,3.7963E+02,3.822E+02,3.7948E+02,3.8029E+02,1.5892799999999997E+03,6.1715074E+05
1.4140008E+09,3.7954E+02,3.808E+02,3.7833E+02,3.7963E+02,1.9088000000000002E+03,7.4051878E+05
1.4140116E+09,3.7729E+02,3.8026E+02,3.7711E+02,3.7954E+02,1.21491E+03,4.7504202E+05
1.4140224E+09,3.7946E+02,3.8126E+02,3.7859E+02,3.7729E+02,1.15677E+03,4.4861552999999997E+05
1.4140332E+09,3.6954E+02,3.7961E+02,3.6908E+02,3.7946E+02,1.57404E+03,5.9426802E+05
1.414044E+09,3.6444E+02,3.7072E+02,3.6363E+02,3.6954E+02,2.34604E+03,8.638626499999999E+05
1.4140548E+09,3.6632E+02,3.6706E+02,3.6256E+02,3.6444E+02,1.9857399999999998E+03,7.265491499999999E+05
1.4140656E+09,3.5952E+02,3.6585E+02,3.5846E+02,3.6632E+02,2.80995E+03,1.01819931E+06
1.4140764E+09,3.6033E+02,3.6208E+02,3.5743E+02,3.5952E+02,2.8636099999999997E+03,1.04087771E+06
1.4140872E+09,3.6033E+02,3.6333E+02,3.6E+02,3.6033E+02,3.24366E+03,1.17747026E+06
1.414098E+09,3.5652E+02,3.6075E+02,3.5406E+02,3.6033E+02,3.14209E+03,1.12979804E+06
1.4141088E+09,3.5297E+02,3.5806E+02,3.5288E+02,3.5652E+02,3.1765E+03,1.1381283699999999E+06
1.4141196E+09,3.5446E+02,3.5534E+02,3.5111E+02,3.5297E+02,1.92981E+03,6.860826200000001E+05
1.4141304E+09,3.5915E+02,3.6039E+02,3.5264E+02,3.5446E+02,2.56363E+03,9.137439300000002E+05
1.4141412E+09,3.5798E+02,3.6107E+02,3.5729E+02,3.5915E+02,2.3572200000000003E+03,8.4627547E+05
1.414152E+09,3.5839E+02,3.6027E+02,3.5611E+02,3.5798E+02,2.9375199999999995E+03,1.05502983E+06
1.4141628E+09,3.5636E+02,3.5864E+02,3.5597E+02,3.5839E+02,2.67852E+03,9.690066799999999E+05
1.4141736E+09,3.5625E+02,3.5707E+02,3.5495E+02,3.5636E+02,2.31909E+03,8.2949784E+05
1.4141844E+09,3.5544E+02,3.5655E+02,3.5436E+02,3.5625E+02,2.07171E+03,7.472368400000001E+05
1.4141952E+09,3.533E+02,3.574E+02,3.5072E+02,3.5544E+02,2.13446E+03,7.6368904E+05
1.414206E+09,3.5471E+02,3.5505E+02,3.5241E+02,3.533E+02,1.26217E+03,4.483180399999999E+05
1.4142168E+09,3.4398E+02,3.56E+02,3.4369E+02,3.5471E+02,2.07959E+03,7.3206866E+05
1.4142276E+09,3.4435E+02,3.4514E+02,3.4137E+02,3.4398E+02,2.63562E+03,9.0605266E+05
1.4142384E+09,3.4529E+02,3.4663E+02,3.4253E+02,3.4435E+02,1.50062E+03,5.193177E+05
1.4142492E+09,3.491E+02,3.5064E+02,3.4316E+02,3.4529E+02,2.004E+03,7.017523099999999E+05
1.41426E+09,3.4962E+02,3.5078E+02,3.4774E+02,3.491E+02,1.4576299999999999E+03,5.1599533999999997E+05
1.4142708E+09,3.4776E+02,3.501E+02,3.4762E+02,3.4962E+02,9.6884E+02,3.4256422000000003E+05
1.4142816E+09,3.4417E+02,3.4815E+02,3.4325E+02,3.4776E+02,1.3259E+03,4.6142708999999997E+05
1.4142924E+09,3.4933E+02,3.5117E+02,3.434E+02,3.4417E+02,1.75961E+03,6.1213963E+05
1.4143032E+09,3.5332E+02,3.5483E+02,3.4766E+02,3.4933E+02,1.56321E+03,5.5189655E+05
1.414314E+09,3.5317E+02,3.5553E+02,3.5213E+02,3.5332E+02,1.52263E+03,5.3812821E+05
1.4143248E+09,3.4884E+02,3.5669E+02,3.4752E+02,3.5317E+02,1.90105E+03,6.6933125E+05
1.4143356E+09,3.5071E+02,3.5107E+02,3.4737E+02,3.4884E+02,1.5246499999999999E+03,5.368223400000001E+05
1.4143464E+09,3.5212E+02,3.5317E+02,3.4961E+02,3.5071E+02,1.0566100000000001E+03,3.7541768000000005E+05
1.4143572E+09,3.5017E+02,3.5361E+02,3.5004E+02,3.5212E+02,9.241700000000001E+02,3.3159333999999997E+05
1.414368E+09,3.4856E+02,3.5215E+02,3.4814E+02,3.5017E+02,1.5388899999999999E+03,5.4516448E+05
1.4143788E+09,3.4539E+02,3.5371E+02,3.4469E+02,3.4856E+02,1.27698E+03,4.4938270999999996E+05
1.4143896E+09,3.4749E+02,3.4985E+02,3.4573E+02,3.4539E+02,1.27235E+03,4.4380853E+05
1.4144004E+09,3.5286E+02,3.5455E+02,3.467E+02,3.4749E+02,9.770799999999999E+02,3.4385698E+05
1.4144112E+09,3.5332E+02,3.5407E+02,3.5028E+02,3.5286E+02,1.08627E+03,3.8592707E+05
1.414422E+09,3.5308E+02,3.5586E+02,3.5275E+02,3.5332E+02,1.79808E+03,6.5298141E+05
1.4144328E+09,3.5264E+02,3.5491E+02,3.5243E+02,3.5308E+02,1.38285E+03,5.0219936E+05
1.4144436E+09,3.496E+02,3.5299E+02,3.4949E+02,3.5264E+02,1.27098E+03,4.5378778E+05
1.4144544E+09,3.5059E+02,3.5225E+02,3.4906E+02,3.496E+02,1.1761E+03,4.2141929E+05
1.4144652E+09,3.5093E+02,3.5268E+02,3.4897E+02,3.5059E+02,9.068E+02,3.2306807E+05
1.414476E+09,3.5416E+02,3.5577E+02,3.5083E+02,3.5093E+02,9.2092E+02,3.2652746E+05
1.4144868E+09,3.5368E+02,3.5481E+02,3.5344E+02,3.5416E+02,9.0226E+02,3.1970663E+05
1.4144976E+09,3.5347E+02,3.5419E+02,3.5048E+02,3.5368E+02,1.0830700000000002E+03,3.8506894E+05
1.4145084E+09,3.5057E+02,3.5356E+02,3.494E+02,3.5347E+02,1.3804E+03,4.9634487E+05
1.4145192E+09,3.5075E+02,3.5141E+02,3.4892E+02,3.5057E+02,1.546E+03,5.5495178E+05
1.41453E+09,3.5035E+02,3.5208E+02,3.4992E+02,3.5075E+02,1.51523E+03,5.450980800000001E+05
1.4145408E+09,3.4883E+02,3.5213E+02,3.4808E+02,3.5035E+02,1.30038E+03,4.6658653E+05
1.4145516E+09,3.4916E+02,3.4951E+02,3.4595E+02,3.4883E+02,1.2178899999999999E+03,4.2898583999999997E+05
1.4145624E+09,3.4969E+02,3.5135E+02,3.4774E+02,3.4916E+02,8.6322E+02,3.0290373E+05
1.4145732E+09,3.456E+02,3.5068E+02,3.446E+02,3.4969E+02,9.7451E+02,3.3937520999999996E+05
1.414584E+09,3.3967E+02,3.4741E+02,3.3848E+02,3.456E+02,1.93616E+03,6.649402999999999E+05
1.4145948E+09,3.3902E+02,3.4143E+02,3.3848E+02,3.3967E+02,1.51819E+03,5.2954471E+05
1.4146056E+09,3.4046E+02,3.407E+02,3.381E+02,3.3902E+02,1.6306100000000001E+03,5.6265698E+05
1.4146164E+09,3.3476E+02,3.4082E+02,3.3444E+02,3.4046E+02,2.8229300000000003E+03,9.6497299E+05
1.4146272E+09,3.3535E+02,3.379E+02,3.3399E+02,3.3476E+02,1.87236E+03,6.3383845E+05
1.414638E+09,3.3646E+02,3.3715E+02,3.3392E+02,3.3535E+02,1.2154399999999998E+03,4.1239276E+05
1.4146488E+09,3.3716E+02,3.3796E+02,3.3549E+02,3.3646E+02,1.42355E+03,4.8101772E+05
1.4146596E+09,3.3544E+02,3.3755E+02,3.348E+02,3.3716E+02,1.4976E+03,5.0452438E+05
1.4146704E+09,3.3627E+02,3.3696E+02,3.3388E+02,3.3544E+02,2.06408E+03,6.937265E+05
1.4146812E+09,3.36E+02,3.3675E+02,3.3397E+02,3.3627E+02,1.9258000000000002E+03,6.5635855E+05
1.414692E+09,3.4647E+02,3.5021E+02,3.3516E+02,3.36E+02,3.3752E+03,1.1807316199999999E+06
1.4147028E+09,3.4421E+02,3.4992E+02,3.4313E+02,3.4647E+02,2.7469700000000003E+03,9.5967277E+05
1.4147136E+09,3.4471E+02,3.4789E+02,3.4229E+02,3.4421E+02,1.79804E+03,6.2631713E+05
1.4147244E+09,3.4292E+02,3.455E+02,3.4202E+02,3.4471E+02,1.5799699999999998E+03,5.443771E+05
1.4147352E+09,3.42E+02,3.4584E+02,3.4171E+02,3.4292E+02,1.24527E+03,4.2885192000000004E+05
1.414746E+09,3.3911E+02,3.4391E+02,3.3762E+02,3.42E+02,1.6828400000000001E+03,5.7486037E+05
1.4147568E+09,3.3862E+02,3.4069E+02,3.3735E+02,3.3911E+02,1.94372E+03,6.6114645E+05
1.4147676E+09,3.3683E+02,3.4015E+02,3.3605E+02,3.3862E+02,2.09912E+03,7.2030447E+05
1.4147784E+09,3.4004E+02,3.4051E+02,3.3674E+02,3.3683E+02,1.9010499999999997E+03,6.5463421E+05
1.4147892E+09,3.3722E+02,3.4179E+02,3.3675E+02,3.4004E+02,1.7539299999999998E+03,6.0363024E+05
1.4148E+09,3.379E+02,3.3848E+02,3.3677E+02,3.3722E+02,9.9432E+02,3.4096739E+05
1.4148108E+09,3.3771E+02,3.3872E+02,3.3695E+02,3.379E+02,8.0172E+02,2.7374731E+05
1.4148216E+09,3.271E+02,3.3773E+02,3.2568E+02,3.3771E+02,1.67573E+03,5.537754E+05
1.4148324E+09,3.2781E+02,3.2892E+02,3.2636E+02,3.271E+02,1.3788E+03,4.5302825999999995E+05
1.4148432E+09,3.272E+02,3.2952E+02,3.2208E+02,3.2781E+02,2.07886E+03,6.7857302E+05
1.414854E+09,3.2647E+02,3.2722E+02,3.2461E+02,3.272E+02,1.69514E+03,5.6003273E+05
1.4148648E+09,3.2281E+02,3.2683E+02,3.2222E+02,3.2647E+02,2.94014E+03,9.613479200000002E+05
1.4148756E+09,3.2544E+02,3.2568E+02,3.2114E+02,3.2281E+02,2.20977E+03,7.1896862E+05
1.4148864E+09,3.2497E+02,3.2681E+02,3.2371E+02,3.2544E+02,2.0007800000000002E+03,6.5640301E+05
1.4148972E+09,3.2801E+02,3.288E+02,3.2456E+02,3.2497E+02,1.60335E+03,5.254304199999999E+05
1.414908E+09,3.2257E+02,3.2968E+02,3.2247E+02,3.2801E+02,1.17214E+03,3.8388612E+05
1.4149188E+09,3.2003E+02,3.2446E+02,3.2003E+02,3.2257E+02,1.35453E+03,4.3798345999999996E+05
1.4149296E+09,3.2398E+02,3.2479E+02,3.1975E+02,3.2003E+02,1.68388E+03,5.428789E+05
1.4149404E+09,3.2406E+02,3.2537E+02,3.2205E+02,3.2398E+02,1.34801E+03,4.3829864999999997E+05
1.4149512E+09,3.2293E+02,3.251E+02,3.2251E+02,3.2406E+02,1.45584E+03,4.7701232000000007E+05
1.414962E+09,3.2257E+02,3.2341E+02,3.224E+02,3.2293E+02,1.27812E+03,4.1685694999999995E+05
1.4149728E+09,3.3026E+02,3.3059E+02,3.2234E+02,3.2257E+02,1.36567E+03,4.4877755000000005E+05
1.4149836E+09,3.2804E+02,3.3284E+02,3.2689E+02,3.3026E+02,1.2724499999999998E+03,4.2144002999999997E+05
1.4149944E+09,3.2534E+02,3.2929E+02,3.2534E+02,3.2804E+02,1.08375E+03,3.5749826E+05
1.4150052E+09,3.2464E+02,3.2716E+02,3.2379E+02,3.2534E+02,1.1655E+03,3.803049E+05
1.415016E+09,3.2344E+02,3.2713E+02,3.2342E+02,3.2464E+02,1.21151E+03,3.9722927E+05
1.4150268E+09,3.2484E+02,3.2676E+02,3.2204E+02,3.2344E+02,2.2546099999999997E+03,7.4527394E+05
1.4150376E+09,3.2401E+02,3.2729E+02,3.2361E+02,3.2484E+02,2.62297E+03,8.72882E+05
1.4150484E+09,3.2388E+02,3.2489E+02,3.2226E+02,3.2401E+02,2.4568599999999997E+03,8.1205259E+05
1.4150592E+09,3.2597E+02,3.2673E+02,3.23E+02,3.2388E+02,2.28463E+03,7.4928192E+05
1.41507E+09,3.2169E+02,3.2603E+02,3.2073E+02,3.2597E+02,1.38325E+03,4.5025017000000004E+05
1.4150808E+09,3.2115E+02,3.2262E+02,3.2006E+02,3.2169E+02,1.63012E+03,5.263506799999999E+05
1.4150916E+09,3.224E+02,3.2287E+02,3.2043E+02,3.2115E+02,1.4144E+03,4.567894199999999E+05
1.4151024E+09,3.2662E+02,3.2913E+02,3.2239E+02,3.224E+02,1.5751599999999999E+03,5.13171E+05
1.4151132E+09,3.243E+02,3.2646E+02,3.2201E+02,3.2662E+02,2.26808E+03,7.4703172E+05
1.415124E+09,3.2603E+02,3.2868E+02,3.2433E+02,3.243E+02,2.34698E+03,7.7841553E+05
1.4151348E+09,3.2791E+02,3.28E+02,3.249E+02,3.2603E+02,2.2123900000000003E+03,7.3395005E+05
1.4151456E+09,3.3056E+02,3.3343E+02,3.2664E+02,3.2791E+02,2.30104E+03,7.664065599999998E+05
1.4151564E+09,3.3149E+02,3.3212E+02,3.2969E+02,3.3056E+02,1.7939499999999998E+03,5.9714596E+05
1.4151672E+09,3.3127E+02,3.3304E+02,3.2877E+02,3.3149E+02,1.52553E+03,5.0572874E+05
1.415178E+09,3.3338E+02,3.3522E+02,3.3037E+02,3.3127E+02,1.65722E+03,5.5340945E+05
1.4151888E+09,3.3715E+02,3.3716E+02,3.3242E+02,3.3338E+02,1.6611499999999999E+03,5.5594003E+05
1.4151996E+09,3.4073E+02,3.4092E+02,3.3584E+02,3.3715E+02,2.31105E+03,7.897338E+05
1.4152104E+09,3.3868E+02,3.4203E+02,3.374E+02,3.4073E+02,2.30526E+03,7.8836447E+05
1.4152212E+09,3.3786E+02,3.4149E+02,3.372E+02,3.3868E+02,2.2829399999999996E+03,7.854608700000001E+05
1.415232E+09,3.3734E+02,3.395E+02,3.3638E+02,3.3786E+02,1.8217600000000002E+03,6.2304849E+05
1.4152428E+09,3.3704E+02,3.3826E+02,3.3566E+02,3.3734E+02,1.9482700000000002E+03,6.5998327E+05
1.4152536E+09,3.379E+02,3.3893E+02,3.3658E+02,3.3704E+02,1.38595E+03,4.6951102E+05
1.4152644E+09,3.3834E+02,3.3924E+02,3.3618E+02,3.379E+02,1.4458899999999999E+03,4.897083E+05
1.4152752E+09,3.3957E+02,3.4019E+02,3.3781E+02,3.3834E+02,1.64831E+03,5.595243999999999E+05
1.415286E+09,3.468E+02,3.5054E+02,3.3889E+02,3.3957E+02,2.5785299999999997E+03,8.962666799999999E+05
1.4152968E+09,3.4901E+02,3.4916E+02,3.4603E+02,3.468E+02,2.284E+03,7.998593099999999E+05
1.4153076E+09,3.4758E+02,3.5139E+02,3.4699E+02,3.4901E+02,2.537E+03,8.9107085E+05
1.4153184E+09,3.4629E+02,3.4912E+02,3.4503E+02,3.4758E+02,2.08532E+03,7.291505E+05
1.4153292E+09,3.4989E+02,3.5079E+02,3.4581E+02,3.4629E+02,1.88621E+03,6.5949613E+05
1.41534E+09,3.4751E+02,3.5158E+02,3.4532E+02,3.4989E+02,1.5428200000000002E+03,5.4134457E+05
1.4153508E+09,3.4279E+02,3.4738E+02,3.4257E+02,3.4751E+02,1.99035E+03,6.871075E+05
1.4153616E+09,3.4415E+02,3.444E+02,3.4206E+02,3.4279E+02,1.7820100000000002E+03,6.1266967E+05
1.4153724E+09,3.4119E+02,3.4501E+02,3.4101E+02,3.4415E+02,1.70071E+03,5.9027077E+05
1.4153832E+09,3.4177E+02,3.4357E+02,3.4064E+02,3.4119E+02,1.99162E+03,6.8974129E+05
1.415394E+09,3.4189E+02,3.4227E+02,3.4026E+02,3.4177E+02,2.0382599999999998E+03,7.054816699999999E+05
1.4154048E+09,3.4434E+02,3.4434E+02,3.4067E+02,3.4189E+02,1.35519E+03,4.7017685E+05
1.4154156E+09,3.4347E+02,3.4628E+02,3.4287E+02,3.4434E+02,1.0133000000000001E+03,3.518513E+05
1.4154264E+09,3.4161E+02,3.4402E+02,3.4068E+02,3.4347E+02,1.00171E+03,3.4398549E+05
1.4154372E+09,3.4191E+02,3.4265E+02,3.4072E+02,3.4161E+02,6.0777E+02,2.0800072E+05
1.415448E+09,3.415E+02,3.4211E+02,3.3974E+02,3.4191E+02,9.728799999999999E+02,3.3320918E+05
1.4154588E+09,3.4225E+02,3.4342E+02,3.4095E+02,3.415E+02,7.4241E+02,2.5849356E+05
1.4154696E+09,3.4331E+02,3.4374E+02,3.4185E+02,3.4225E+02,1.49587E+03,5.199959E+05
1.4154804E+09,3.4368E+02,3.4499E+02,3.4272E+02,3.4331E+02,9.991200000000001E+02,3.4914225E+05
1.4154912E+09,3.4231E+02,3.4367E+02,3.4229E+02,3.4368E+02,7.458399999999999E+02,2.5910958000000002E+05
1.415502E+09,3.427E+02,3.4344E+02,3.4167E+02,3.4231E+02,7.294100000000001E+02,2.5114032999999996E+05
1.4155128E+09,3.4742E+02,3.4814E+02,3.4185E+02,3.427E+02,1.0883400000000001E+03,3.7545725E+05
1.4155236E+09,3.4886E+02,3.5027E+02,3.4716E+02,3.4742E+02,1.41481E+03,4.9312017000000004E+05
1.4155344E+09,3.5458E+02,3.5574E+02,3.4755E+02,3.4886E+02,2.0629700000000003E+03,7.2614439E+05
1.4155452E+09,3.5705E+02,3.5792E+02,3.5319E+02,3.5458E+02,2.35551E+03,8.4156292E+05
1.415556E+09,3.5747E+02,3.5855E+02,3.557E+02,3.5705E+02,2.00579E+03,7.2101597E+05
1.4155668E+09,3.6218E+02,3.6228E+02,3.5607E+02,3.5747E+02,2.22529E+03,7.9900589E+05
1.4155776E+09,3.5816E+02,3.6231E+02,3.5676E+02,3.6218E+02,2.55463E+03,9.2175926E+05
1.4155884E+09,3.584E+02,3.6047E+02,3.5644E+02,3.5816E+02,1.7179099999999999E+03,6.1757692E+05
1.4155992E+09,3.6292E+02,3.637E+02,3.5741E+02,3.584E+02,2.2383900000000003E+03,8.0719634E+05
1.41561E+09,3.6826E+02,3.696E+02,3.5862E+02,3.6292E+02,3.29009E+03,1.19636878E+06
1.4156208E+09,3.6875E+02,3.7144E+02,3.6666E+02,3.6826E+02,3.68075E+03,1.35888752E+06
1.4156316E+09,3.7228E+02,3.746E+02,3.6861E+02,3.6875E+02,3.5271800000000003E+03,1.31674882E+06
1.4156424E+09,3.7147E+02,3.7381E+02,3.6964E+02,3.7228E+02,2.809E+03,1.0569019300000002E+06
1.4156532E+09,3.6615E+02,3.7262E+02,3.6613E+02,3.7147E+02,2.98667E+03,1.1115864E+06
1.415664E+09,3.6631E+02,3.6823E+02,3.6418E+02,3.6615E+02,2.54377E+03,9.385702200000001E+05
1.4156748E+09,3.7023E+02,3.7093E+02,3.6617E+02,3.6631E+02,2.46946E+03,9.1562141E+05
1.4156856E+09,3.6808E+02,3.7042E+02,3.6715E+02,3.7023E+02,2.24066E+03,8.2865465E+05
1.4156964E+09,3.686E+02,3.6934E+02,3.6598E+02,3.6808E+02,1.9174E+03,7.0596253E+05
1.4157072E+09,3.6341E+02,3.689E+02,3.6268E+02,3.686E+02,1.84527E+03,6.7605295E+05
1.415718E+09,3.6327E+02,3.6579E+02,3.6256E+02,3.6341E+02,1.6304E+03,5.9624635E+05
1.4157288E+09,3.65E+02,3.6546E+02,3.6179E+02,3.6327E+02,1.75144E+03,6.416428200000001E+05
1.4157396E+09,3.657E+02,3.6637E+02,3.6342E+02,3.65E+02,1.34385E+03,4.9538406999999995E+05
1.4157504E+09,3.7834E+02,3.7844E+02,3.659E+02,3.657E+02,1.9863899999999999E+03,7.4036823E+05
1.4157612E+09,3.8019E+02,3.8293E+02,3.7664E+02,3.7834E+02,3.01467E+03,1.1466281E+06
1.415772E+09,3.8085E+02,3.8288E+02,3.7951E+02,3.8019E+02,2.27006E+03,8.6625029E+05
1.4157828E+09,3.8909E+02,3.9041E+02,3.7752E+02,3.8085E+02,4.0346800000000003E+03,1.54443911E+06
1.4157936E+09,3.9157E+02,3.9563E+02,3.8719E+02,3.8909E+02,4.10497E+03,1.60840277E+06
1.4158044E+09,4.1067E+02,4.1286E+02,3.9149E+02,3.9157E+02,5.47681E+03,2.21299973E+06
1.4158152E+09,4.321E+02,4.4335E+02,4.1122E+02,4.1067E+02,1.076876E+04,4.64580344E+06
1.415826E+09,4.3306E+02,4.3892E+02,4.2344E+02,4.321E+02,6.87247E+03,2.9721895E+06
1.4158368E+09,4.4032E+02,4.5155E+02,4.3172E+02,4.3306E+02,6.5929800000000005E+03,2.92087862E+06
1.4158476E+09,4.703E+02,4.8155E+02,4.3826E+02,4.4032E+02,6.503799999999999E+03,2.98142874E+06
1.4158584E+09,4.6949E+02,4.7173E+02,4.526E+02,4.703E+02,3.25666E+03,1.51352869E+06
1.4158692E+09,4.2762E+02,4.6533E+02,4.2506E+02,4.6949E+02,1.1595990000000002E+04,5.08546257E+06
1.41588E+09,4.3493E+02,4.4531E+02,4.2467E+02,4.2762E+02,7.86E+03,3.41340527E+06
1.4158908E+09,4.18E+02,4.4476E+02,4.18E+02,4.3493E+02,7.031470000000001E+03,3.06812256E+06
1.4159016E+09,4.1367E+02,4.1963E+02,3.9075E+02,4.18E+02,8.86964E+03,3.6123393400000003E+06
1.4159124E+09,4.2891E+02,4.3383E+02,4.0308E+02,4.1367E+02,6.49019E+03,2.70955948E+06
1.4159232E+09,4.0095E+02,4.3025E+02,3.956E+02,4.2891E+02,5.30609E+03,2.20726025E+06
1.415934E+09,3.8867E+02,4.0125E+02,3.8503E+02,4.0095E+02,5.90328E+03,2.31419301E+06
1.4159448E+09,3.8788E+02,4.0009E+02,3.8629E+02,3.8867E+02,3.39799E+03,1.34085733E+06
1.4159556E+09,3.9439E+02,4.0015E+02,3.8173E+02,3.8788E+02,4.826389999999999E+03,1.88307065E+06
1.4159664E+09,4.0185E+02,4.1149E+02,3.9142E+02,3.9439E+02,5.61022E+03,2.2642283E+06
1.4159772E+09,3.9153E+02,4.0133E+02,3.8739E+02,4.0185E+02,5.04858E+03,2.0030451400000001E+06
1.415988E+09,3.9286E+02,3.9637E+02,3.9113E+02,3.9153E+02,3.09771E+03,1.22596231E+06
1.4159988E+09,3.9647E+02,3.9921E+02,3.9195E+02,3.9286E+02,2.54076E+03,1.01231396E+06
1.4160096E+09,3.8798E+02,4.0733E+02,3.866E+02,3.9647E+02,2.6320099999999998E+03,1.0561629E+06
1.4160204E+09,3.9588E+02,3.981E+02,3.8735E+02,3.8798E+02,1.53907E+03,6.1039794E+05
1.4160312E+09,3.999E+02,3.9999E+02,3.9443E+02,3.9588E+02,1.33444E+03,5.3084691E+05
1.416042E+09,3.8982E+02,3.999E+02,3.878E+02,3.999E+02,1.32049E+03,5.1871433E+05
1.4160528E+09,3.7647E+02,3.9235E+02,3.7568E+02,3.8982E+02,1.39376E+03,5.3759663E+05
1.4160636E+09,3.706E+02,3.7906E+02,3.683E+02,3.7647E+02,1.66726E+03,6.3046079E+05
1.4160744E+09,3.7278E+02,3.7594E+02,3.6795E+02,3.706E+02,1.82571E+03,6.8929927E+05
1.4160852E+09,3.7485E+02,3.7979E+02,3.7186E+02,3.7278E+02,1.6156E+03,6.1179138E+05
1.416096E+09,3.7482E+02,3.7689E+02,3.7059E+02,3.7485E+02,1.48052E+03,5.5901294E+05
1.4161068E+09,3.8029E+02,3.8084E+02,3.7368E+02,3.7482E+02,1.4879099999999999E+03,5.6235299E+05
1.4161176E+09,3.8838E+02,3.9044E+02,3.7876E+02,3.8029E+02,1.93719E+03,7.4586611E+05
1.4161284E+09,3.8739E+02,3.8827E+02,3.8154E+02,3.8838E+02,1.33557E+03,5.1419003E+05
1.4161392E+09,3.786E+02,3.8873E+02,3.7852E+02,3.8739E+02,1.55728E+03,6.014138600000001E+05
1.41615E+09,3.7892E+02,3.8054E+02,3.7478E+02,3.786E+02,2.49535E+03,9.468361100000001E+05
1.4161608E+09,3.8605E+02,3.881E+02,3.7828E+02,3.7892E+02,1.99879E+03,7.702308500000001E+05
1.4161716E+09,3.8544E+02,3.8742E+02,3.8261E+02,3.8605E+02,2.0582E+03,7.9730132E+05
1.4161824E+09,4.034E+02,4.0485E+02,3.8466E+02,3.8544E+02,3.5943900000000003E+03,1.42641721E+06
1.4161932E+09,3.9921E+02,4.0492E+02,3.9469E+02,4.034E+02,1.9165699999999997E+03,7.6971343E+05
1.416204E+09,4.0165E+02,4.0344E+02,3.9656E+02,3.9921E+02,2.55656E+03,1.02215199E+06
1.4162148E+09,4.0666E+02,4.1191E+02,4.0153E+02,4.0165E+02,2.1303E+03,8.672843099999999E+05
1.4162256E+09,3.9801E+02,4.0937E+02,3.9703E+02,4.0666E+02,3.7077E+03,1.49134803E+06
1.4162364E+09,3.9442E+02,4.0302E+02,3.9442E+02,3.9801E+02,3.83409E+03,1.53581849E+06
1.4162472E+09,3.8578E+02,3.9485E+02,3.7891E+02,3.9442E+02,5.8660599999999995E+03,2.27877804E+06
1.416258E+09,3.8389E+02,3.8829E+02,3.8361E+02,3.8578E+02,3.99519E+03,1.551423E+06
1.4162688E+09,3.9006E+02,3.9512E+02,3.8417E+02,3.8389E+02,3.72399E+03,1.4586128E+06
1.4162796E+09,3.8845E+02,3.9107E+02,3.8138E+02,3.9006E+02,3.3166799999999994E+03,1.28310252E+06
1.4162904E+09,3.863E+02,3.9209E+02,3.8584E+02,3.8845E+02,2.55655E+03,9.9503675E+05
1.4163012E+09,3.7551E+02,3.8621E+02,3.7194E+02,3.863E+02,3.21193E+03,1.2227621600000001E+06
1.416312E+09,3.7577E+02,3.7902E+02,3.729E+02,3.7551E+02,3.44744E+03,1.29815879E+06
1.4163228E+09,3.7899E+02,3.8198E+02,3.7496E+02,3.7577E+02,3.96104E+03,1.50768784E+06
1.4163336E+09,3.8229E+02,3.8403E+02,3.7826E+02,3.7899E+02,3.2878199999999997E+03,1.26516779E+06
1.4163444E+09,3.7906E+02,3.8273E+02,3.7686E+02,3.8229E+02,3.58826E+03,1.37424406E+06
1.4163552E+09,3.7929E+02,3.813E+02,3.7566E+02,3.7906E+02,2.80905E+03,1.06921322E+06
1.416366E+09,3.7975E+02,3.8089E+02,3.7704E+02,3.7929E+02,1.9949699999999998E+03,7.599918300000001E+05
1.4163768E+09,3.8592E+02,3.8955E+02,3.7824E+02,3.7975E+02,2.7591099999999997E+03,1.0637815699999998E+06
1.4163876E+09,3.8239E+02,3.8733E+02,3.8183E+02,3.8592E+02,2.81924E+03,1.08713097E+06
1.4163984E+09,3.7864E+02,3.8272E+02,3.7586E+02,3.8239E+02,2.46929E+03,9.3719816E+05
1.4164092E+09,3.7678E+02,3.8037E+02,3.7555E+02,3.7864E+02,3.11053E+03,1.18361038E+06
1.41642E+09,3.7888E+02,3.7941E+02,3.7618E+02,3.7678E+02,2.1667999999999997E+03,8.2783818E+05
1.4164308E+09,3.8158E+02,3.8202E+02,3.7727E+02,3.7888E+02,1.73849E+03,6.6338838E+05
1.4164416E+09,3.785E+02,3.8345E+02,3.7716E+02,3.8158E+02,1.80758E+03,6.916778999999999E+05
1.4164524E+09,3.7885E+02,3.8063E+02,3.7624E+02,3.785E+02,1.73448E+03,6.572544500000001E+05
1.4164632E+09,3.7069E+02,3.8204E+02,3.7013E+02,3.7885E+02,2.13524E+03,8.097086900000001E+05
1.416474E+09,3.6068E+02,3.7108E+02,3.5826E+02,3.7069E+02,4.30807E+03,1.56554337E+06
1.4164848E+09,3.5986E+02,3.642E+02,3.5751E+02,3.6068E+02,3.19115E+03,1.15644498E+06
1.4164956E+09,3.6112E+02,3.6275E+02,3.5239E+02,3.5986E+02,3.4879300000000003E+03,1.26545043E+06
1.4165064E+09,3.6057E+02,3.6284E+02,3.5988E+02,3.6112E+02,2.41323E+03,8.858929199999999E+05
1.4165172E+09,3.5738E+02,3.6096E+02,3.5685E+02,3.6057E+02,2.9065299999999997E+03,1.0528380299999998E+06
1.416528E+09,3.5164E+02,3.5878E+02,3.463E+02,3.5738E+02,2.7494399999999996E+03,9.7487709E+05
1.4165388E+09,3.4921E+02,3.5204E+02,3.475E+02,3.5164E+02,2.65423E+03,9.3378961E+05
1.4165496E+09,3.5013E+02,3.5281E+02,3.4413E+02,3.4921E+02,4.52532E+03,1.57652044E+06
1.4165604E+09,3.5074E+02,3.5493E+02,3.4925E+02,3.5013E+02,3.0167E+03,1.06055981E+06
1.4165712E+09,3.5161E+02,3.5623E+02,3.4954E+02,3.5074E+02,2.7622700000000004E+03,9.7465177E+05
1.416582E+09,3.5284E+02,3.5486E+02,3.5072E+02,3.5161E+02,2.57827E+03,9.1537001E+05
1.4165928E+09,3.5304E+02,3.5556E+02,3.5238E+02,3.5284E+02,2.7076099999999997E+03,9.7182949E+05
1.4166036E+09,3.5157E+02,3.5424E+02,3.497E+02,3.5304E+02,2.47356E+03,8.8353139E+05
1.4166144E+09,3.5233E+02,3.5401E+02,3.5029E+02,3.5157E+02,2.0498599999999997E+03,7.281466799999999E+05
1.4166252E+09,3.5751E+02,3.586E+02,3.5163E+02,3.5233E+02,1.8594299999999998E+03,6.6160961E+05
1.416636E+09,3.5812E+02,3.6022E+02,3.5577E+02,3.5751E+02,1.38146E+03,4.9537851E+05
1.4166468E+09,3.6257E+02,3.64E+02,3.5566E+02,3.5812E+02,1.68781E+03,6.0649841E+05
1.4166576E+09,3.5738E+02,3.6439E+02,3.5703E+02,3.6257E+02,1.47923E+03,5.3456183E+05
1.4166684E+09,3.5662E+02,3.5743E+02,3.5368E+02,3.5738E+02,1.41723E+03,5.0372304000000004E+05
1.4166792E+09,3.5629E+02,3.5801E+02,3.5407E+02,3.5662E+02,1.25174E+03,4.5392629000000004E+05
1.41669E+09,3.5167E+02,3.5742E+02,3.5049E+02,3.5629E+02,1.81713E+03,6.484463E+05
1.4167008E+09,3.5467E+02,3.5535E+02,3.5092E+02,3.5167E+02,1.3222E+03,4.7182031000000006E+05
1.4167116E+09,3.5654E+02,3.5735E+02,3.5418E+02,3.5467E+02,1.14312E+03,4.0938904E+05
1.4167224E+09,3.5606E+02,3.6003E+02,3.5486E+02,3.5654E+02,1.2638700000000001E+03,4.5386211E+05
1.4167332E+09,3.5777E+02,3.5801E+02,3.5438E+02,3.5606E+02,1.03756E+03,3.7003243E+05
1.416744E+09,3.5733E+02,3.5806E+02,3.542E+02,3.5777E+02,1.0341499999999999E+03,3.687174E+05
1.4167548E+09,3.6199E+02,3.643E+02,3.5664E+02,3.5733E+02,1.99523E+03,7.2408336E+05
1.4167656E+09,3.6286E+02,3.6475E+02,3.6031E+02,3.6199E+02,8.328900000000001E+02,3.1214582999999996E+05
1.4167764E+09,3.6603E+02,3.7059E+02,3.6261E+02,3.6286E+02,3.78454E+03,1.39450996E+06
1.4167872E+09,3.6773E+02,3.7069E+02,3.6351E+02,3.6603E+02,2.49896E+03,9.203197E+05
1.416798E+09,3.6714E+02,3.7005E+02,3.647E+02,3.6773E+02,1.92692E+03,7.1002594E+05
1.4168088E+09,3.6792E+02,3.6964E+02,3.6255E+02,3.6714E+02,1.8213600000000001E+03,6.675840499999999E+05
1.4168196E+09,3.7072E+02,3.7525E+02,3.6811E+02,3.6792E+02,3.65156E+03,1.3609953800000001E+06
1.4168304E+09,3.7663E+02,3.7892E+02,3.6861E+02,3.7072E+02,2.51525E+03,9.3928105E+05
1.4168412E+09,3.8186E+02,3.8258E+02,3.7626E+02,3.7663E+02,3.99905E+03,1.51823982E+06
1.416852E+09,3.8521E+02,3.8586E+02,3.7992E+02,3.8186E+02,3.9291900000000005E+03,1.50956438E+06
1.4168628E+09,3.7979E+02,3.8871E+02,3.754E+02,3.8521E+02,4.22254E+03,1.6186807000000002E+06
1.4168736E+09,3.8419E+02,3.8841E+02,3.7608E+02,3.7979E+02,2.99723E+03,1.1511349300000002E+06
1.4168844E+09,3.8334E+02,3.8777E+02,3.7991E+02,3.8419E+02,2.59401E+03,9.993730900000001E+05
1.4168952E+09,3.9027E+02,3.9054E+02,3.8157E+02,3.8334E+02,1.6479969999999998E+04,6.34208071E+06
1.416906E+09,3.8761E+02,3.9484E+02,3.8523E+02,3.9027E+02,7.26549E+03,2.83884089E+06
1.4169168E+09,3.8069E+02,3.9213E+02,3.7743E+02,3.8761E+02,4.74433E+03,1.82447719E+06
1.4169276E+09,3.7401E+02,3.8887E+02,3.6955E+02,3.8069E+02,5.17673E+03,1.9546993E+06
1.4169384E+09,3.7827E+02,3.7952E+02,3.7412E+02,3.7401E+02,3.51845E+03,1.33403125E+06
1.4169492E+09,3.7665E+02,3.7896E+02,3.7265E+02,3.7827E+02,2.54099E+03,9.6061393E+05
1.41696E+09,3.7083E+02,3.755E+02,3.6655E+02,3.7665E+02,3.9057200000000003E+03,1.45164142E+06
1.4169708E+09,3.7532E+02,3.7823E+02,3.6862E+02,3.7083E+02,2.2984700000000003E+03,8.6413126E+05
1.4169816E+09,3.6898E+02,3.7864E+02,3.6513E+02,3.7532E+02,3.13644E+03,1.16958412E+06
1.4169924E+09,3.6759E+02,3.7142E+02,3.6429E+02,3.6898E+02,3.43936E+03,1.2667433E+06
1.4170032E+09,3.716E+02,3.7485E+02,3.6675E+02,3.6759E+02,2.56434E+03,9.5316625E+05
1.417014E+09,3.7048E+02,3.7416E+02,3.6904E+02,3.716E+02,2.5402E+03,9.485918799999999E+05
1.4170248E+09,3.6893E+02,3.7051E+02,3.6632E+02,3.7048E+02,3.41038E+03,1.2665246E+06
1.4170356E+09,3.6526E+02,3.696E+02,3.6439E+02,3.6893E+02,2.6848E+03,9.958590700000001E+05
1.4170464E+09,3.7215E+02,3.7323E+02,3.6501E+02,3.6526E+02,1.94163E+03,7.24284E+05
1.4170572E+09,3.722E+02,3.7398E+02,3.6925E+02,3.7215E+02,1.7933400000000001E+03,6.7196645E+05
1.417068E+09,3.6934E+02,3.734E+02,3.6757E+02,3.722E+02,1.6171399999999999E+03,5.995341799999999E+05
1.4170788E+09,3.7292E+02,3.7477E+02,3.6892E+02,3.6934E+02,1.35292E+03,5.0473895E+05
1.4170896E+09,3.6955E+02,3.7233E+02,3.6791E+02,3.7292E+02,1.94187E+03,7.2055452E+05
1.4171004E+09,3.6995E+02,3.7076E+02,3.6712E+02,3.6955E+02,1.23013E+03,4.5518916000000003E+05
1.4171112E+09,3.674E+02,3.7125E+02,3.6501E+02,3.6995E+02,2.12321E+03,7.8576037E+05
1.417122E+09,3.6959E+02,3.7029E+02,3.6511E+02,3.674E+02,1.84905E+03,6.821186799999999E+05
1.4171328E+09,3.6948E+02,3.7114E+02,3.6814E+02,3.6959E+02,8.0035E+02,2.9820905E+05
1.4171436E+09,3.6523E+02,3.7072E+02,3.644E+02,3.6948E+02,1.12087E+03,4.1564675E+05
1.4171544E+09,3.6247E+02,3.6544E+02,3.5953E+02,3.6523E+02,1.924E+03,6.999047E+05
1.4171652E+09,3.589E+02,3.6425E+02,3.5664E+02,3.6247E+02,3.17866E+03,1.1471080999999999E+06
1.417176E+09,3.6287E+02,3.6521E+02,3.5844E+02,3.589E+02,4.30348E+03,1.5604457E+06
1.4171868E+09,3.7658E+02,3.7807E+02,3.6317E+02,3.6287E+02,7.248299999999999E+03,2.6913455E+06
1.4171976E+09,3.7626E+02,3.7807E+02,3.7207E+02,3.7658E+02,3.5244E+03,1.32474769E+06
1.4172084E+09,3.7846E+02,3.8383E+02,3.7629E+02,3.7626E+02,2.091527E+04,7.98085084E+06
1.4172192E+09,3.7543E+02,3.7947E+02,3.7316E+02,3.7846E+02,2.58517E+03,9.758076699999999E+05
1.41723E+09,3.7828E+02,3.8042E+02,3.7338E+02,3.7543E+02,2.80002E+03,1.0591892000000002E+06
1.4172408E+09,3.7891E+02,3.8227E+02,3.7798E+02,3.7828E+02,3.5486499999999996E+03,1.3510758900000001E+06
1.4172516E+09,3.7889E+02,3.823E+02,3.7528E+02,3.7891E+02,4.74428E+03,1.8037497899999998E+06
1.4172624E+09,3.8606E+02,3.8975E+02,3.7939E+02,3.7889E+02,5.805140000000001E+04,2.235128904E+07
1.4172732E+09,3.758E+02,3.8593E+02,3.7543E+02,3.8606E+02,5.01957E+03,1.92239873E+06
1.417284E+09,3.7292E+02,3.7691E+02,3.7243E+02,3.758E+02,4.76625E+03,1.7913159E+06
1.4172948E+09,3.7561E+02,3.76E+02,3.7215E+02,3.7292E+02,1.93662E+03,7.288110800000001E+05
1.4173056E+09,3.7734E+02,3.7829E+02,3.7323E+02,3.7561E+02,1.41858E+03,5.373268200000001E+05
1.4173164E+09,3.7687E+02,3.7807E+02,3.7505E+02,3.7734E+02,1.18127E+03,4.5019935E+05
1.4173272E+09,3.7535E+02,3.7812E+02,3.7453E+02,3.7687E+02,9.5674E+02,3.616406E+05
1.417338E+09,3.7589E+02,3.8065E+02,3.7399E+02,3.7535E+02,1.9379399999999998E+03,7.3288152E+05
1.4173488E+09,3.7602E+02,3.794E+02,3.7524E+02,3.7589E+02,1.01425E+03,3.8369870999999996E+05
1.4173596E+09,3.7508E+02,3.7737E+02,3.7228E+02,3.7602E+02,1.8188600000000001E+03,6.8383326E+05
1.4173704E+09,3.7396E+02,3.7685E+02,3.7328E+02,3.7508E+02,1.57808E+03,5.97387E+05
1.4173812E+09,3.7417E+02,3.7738E+02,3.7343E+02,3.7396E+02,1.3836999999999998E+03,5.2213829000000004E+05
1.417392E+09,3.7604E+02,3.7742E+02,3.7412E+02,3.7417E+02,1.10178E+03,4.1606251E+05
1.4174028E+09,3.7849E+02,3.8056E+02,3.7394E+02,3.7604E+02,2.2261499999999996E+03,8.4398375E+05
1.4174136E+09,3.7761E+02,3.8286E+02,3.7749E+02,3.7849E+02,3.71568E+03,1.41705125E+06
1.4174244E+09,3.7842E+02,3.799E+02,3.7636E+02,3.7761E+02,2.14011E+03,8.0869526E+05
1.4174352E+09,3.7792E+02,3.8131E+02,3.7659E+02,3.7842E+02,2.41108E+03,9.1487443E+05
1.417446E+09,3.7966E+02,3.8019E+02,3.698E+02,3.7792E+02,2.3676E+03,8.9814555E+05
1.4174568E+09,3.7793E+02,3.8072E+02,3.7476E+02,3.7966E+02,3.34891E+03,1.28098024E+06
1.4174676E+09,3.7871E+02,3.7997E+02,3.7681E+02,3.7793E+02,2.36182E+03,9.020721599999999E+05
1.4174784E+09,3.7773E+02,3.7982E+02,3.768E+02,3.7871E+02,2.62723E+03,9.967433300000001E+05
1.4174892E+09,3.7996E+02,3.8078E+02,3.7661E+02,3.7773E+02,2.1295E+03,8.1056813E+05
1.4175E+09,3.8002E+02,3.8233E+02,3.7838E+02,3.7996E+02,1.68015E+03,6.405376000000001E+05
1.4175108E+09,3.8255E+02,3.8408E+02,3.7976E+02,3.8002E+02,3.6621E+03,1.3990706800000002E+06
1.4175216E+09,3.8149E+02,3.8405E+02,3.8044E+02,3.8255E+02,2.88454E+03,1.1034607E+06
1.4175324E+09,3.8308E+02,3.8424E+02,3.8117E+02,3.8149E+02,4.25294E+03,1.6328214100000001E+06
1.4175432E+09,3.7842E+02,3.8293E+02,3.7752E+02,3.8308E+02,3.11702E+03,1.19315955E+06
