date,growth
2012-10-30,18
2012-10-31,9
2012-11-01,28
2012-11-02,14
2012-11-03,19
2012-11-04,13
2012-11-05,25
2012-11-06,13
2012-11-07,21
2012-11-08,33
2012-11-09,44
2012-11-10,12
2012-11-11,23
2012-11-12,112
2012-11-13,41
2012-11-14,28
2012-11-15,28
2012-11-16,26
2012-11-17,18
2012-11-18,12
2012-11-19,21
2012-11-20,30
2012-11-21,9
2012-11-22,19
2012-11-23,24
2012-11-24,23
2012-11-25,14
2012-11-26,27
2012-11-27,28
2012-11-28,52
2012-11-29,27
2012-11-30,29
2012-12-01,24
2012-12-02,40
2012-12-03,34
2012-12-04,33
2012-12-05,35
2012-12-06,39
2012-12-07,42
2012-12-08,23
2012-12-09,42
2012-12-10,35
2012-12-11,128
2012-12-12,55
2012-12-13,29
2012-12-14,33
2012-12-15,35
2012-12-16,70
2012-12-17,42
2012-12-18,18
2012-12-19,16
2012-12-20,19
2012-12-21,30
2012-12-22,27
2012-12-23,36
2012-12-24,46
2012-12-25,22
2012-12-26,6
2012-12-27,20
2012-12-28,14
2012-12-29,19
2012-12-30,23
2012-12-31,23
2013-01-01,13
2013-01-02,54
2013-01-03,41
2013-01-04,20
2013-01-05,32
2013-01-06,35
2013-01-07,38
2013-01-08,34
2013-01-09,44
2013-01-10,26
2013-01-11,35
2013-01-12,28
2013-01-13,27
2013-01-14,41
2013-01-15,29
2013-01-16,35
2013-01-17,36
2013-01-18,25
2013-01-19,31
2013-01-20,35
2013-01-21,38
2013-01-22,82
2013-01-23,59
2013-01-24,67
2013-01-25,29
2013-01-26,48
2013-01-27,31
2013-01-28,69
2013-01-29,70
2013-01-30,64
2013-01-31,56
2013-02-01,59
2013-02-02,55
2013-02-03,60
2013-02-04,40
2013-02-05,52
2013-02-06,56
2013-02-07,44
2013-02-08,47
2013-02-09,47
2013-02-10,80
2013-02-11,72
2013-02-12,79
2013-02-13,109
2013-02-14,284
2013-02-15,193
2013-02-16,83
2013-02-17,80
2013-02-18,70
2013-02-19,118
2013-02-20,87
2013-02-21,82
2013-02-22,115
2013-02-23,66
2013-02-24,96
2013-02-25,59
2013-02-26,79
2013-02-27,71
2013-02-28,100
2013-03-01,70
2013-03-02,65
2013-03-03,107
2013-03-04,109
2013-03-05,151
2013-03-06,202
2013-03-07,250
2013-03-08,131
2013-03-09,90
2013-03-09,148
2013-03-10,72
2013-03-11,72
2013-03-12,189
2013-03-13,202
2013-03-14,137
2013-03-15,99
2013-03-16,94
2013-03-17,132
2013-03-18,146
2013-03-19,480
2013-03-20,218
2013-03-21,320
2013-03-22,240
2013-03-23,208
2013-03-24,245
2013-03-25,280
2013-03-26,363
2013-03-27,274
2013-03-28,490
2013-03-29,363
2013-03-30,343
2013-03-31,359
2013-04-01,359
2013-04-02,498
2013-04-03,1059
2013-04-04,562
2013-04-05,487
2013-04-06,249
2013-04-07,363
2013-04-08,595
2013-04-09,1384
2013-04-10,2781
2013-04-11,1930
2013-04-12,874
2013-04-13,465
2013-04-14,426
2013-04-15,311
2013-04-16,361
2013-04-17,330
2013-04-18,280
2013-04-19,164
2013-04-20,200
2013-04-21,204
2013-04-22,223
2013-04-23,227
2013-04-24,266
2013-04-25,203
2013-04-26,179
2013-04-27,169
2013-04-28,179
2013-04-29,160
2013-04-30,125
2013-05-01,204
2013-05-02,169
2013-05-03,134
2013-05-04,116
2013-05-05,126
2013-05-06,133
2013-05-07,180
2013-05-08,118
2013-05-09,116
2013-05-10,135
2013-05-11,106
2013-05-12,121
2013-05-13,97
2013-05-14,143
2013-05-15,181
2013-05-16,99
2013-05-17,118
2013-05-18,104
2013-05-19,86
2013-05-20,101
2013-05-21,106
2013-05-22,101
2013-05-23,95
2013-05-24,70
2013-05-25,69
2013-05-26,64
2013-05-27,74
2013-05-28,125
2013-05-29,116
2013-05-30,106
2013-05-31,93
2013-06-01,88
2013-06-02,119
2013-06-03,55
2013-06-04,91
2013-06-05,88
2013-06-06,97
2013-06-07,84
2013-06-08,139
2013-06-09,85
2013-06-10,70
2013-06-11,89
2013-06-12,103
2013-06-13,70
2013-06-14,68
2013-06-15,55
2013-06-16,56
2013-06-17,40
2013-06-18,61
2013-06-19,60
2013-06-20,37
2013-06-21,43
2013-06-22,66
2013-06-23,67
2013-06-24,34
2013-06-25,67
2013-06-26,45
2013-06-27,58
2013-06-28,79
2013-06-29,48
2013-06-30,85
2013-07-01,88
2013-07-02,99
2013-07-03,116
2013-07-04,117
2013-07-05,78
2013-07-06,70
2013-07-07,38
2013-07-08,68
2013-07-09,88
2013-07-10,40
2013-07-11,59
2013-07-12,48
2013-07-13,46
2013-07-14,52
2013-07-15,45
2013-07-16,67
2013-07-17,47
2013-07-18,49
2013-07-19,58
2013-07-20,46
2013-07-21,68
2013-07-22,38
2013-07-23,68
2013-07-24,59
2013-07-25,57
2013-07-26,80
2013-07-27,31
2013-07-28,59
2013-07-29,71
2013-07-30,65
2013-07-31,70
2013-08-01,61
2013-08-02,37
2013-08-03,50
2013-08-04,91
2013-08-05,70
2013-08-06,51
2013-08-07,42
2013-08-08,86
2013-08-09,38
2013-08-10,28
2013-08-11,68
2013-08-12,67
2013-08-13,82
2013-08-14,150
2013-08-15,70
2013-08-16,80
2013-08-17,54
2013-08-18,71
2013-08-19,85
2013-08-20,83
2013-08-21,59
2013-08-22,415
2013-08-23,120
2013-08-24,74
2013-08-25,64
2013-08-26,58
2013-08-27,80
2013-08-28,81
2013-08-29,73
2013-08-30,60
2013-08-31,76
2013-09-01,45
2013-09-02,88
2013-09-03,53
2013-09-04,43
2013-09-05,80
2013-09-06,44
2013-09-07,51
2013-09-08,74
2013-09-09,103
2013-09-10,124
2013-09-11,77
2013-09-12,41
2013-09-13,31
2013-09-14,41
2013-09-15,53
2013-09-16,48
2013-09-17,47
2013-09-18,49
2013-09-19,46
2013-09-20,67
2013-09-21,68
2013-09-22,55
2013-09-23,37
2013-09-24,73
2013-09-25,35
2013-09-26,77
2013-09-27,39
2013-09-28,62
2013-09-29,39
2013-09-30,44
2013-10-01,56
2013-10-02,259
2013-10-03,265
2013-10-04,207
2013-10-05,136
2013-10-06,122
2013-10-07,134
2013-10-08,102
2013-10-09,73
2013-10-10,81
2013-10-11,71
2013-10-12,59
2013-10-13,88
2013-10-14,90
2013-10-15,97
2013-10-16,108
2013-10-17,97
2013-10-18,99
2013-10-19,134
2013-10-20,83
2013-10-21,114
2013-10-22,134
2013-10-23,146
2013-10-24,111
2013-10-25,125
2013-10-26,110
2013-10-27,97
2013-10-28,101
2013-10-29,901
2013-10-30,403
2013-10-31,234
2013-11-01,200
2013-11-02,163
2013-11-03,211
2013-11-04,213
2013-11-05,245
2013-11-06,617
2013-11-07,736
2013-11-08,687
2013-11-09,498
2013-11-10,503
2013-11-11,554
2013-11-12,510
2013-11-13,875
2013-11-14,500
2013-11-15,320
2013-11-16,419
2013-11-17,651
2013-11-18,1296
2013-11-19,1176
2013-11-20,726
2013-11-21,629
2013-11-22,974
2013-11-23,609
2013-11-24,562
2013-11-25,849
2013-11-26,730
2013-11-27,1105
2013-11-28,1008
2013-11-29,601
2013-11-30,541
2013-12-01,900
2013-12-02,745
2013-12-03,543
2013-12-04,668
2013-12-05,922
2013-12-06,793
2013-12-07,798
2013-12-08,639
2013-12-09,754
2013-12-10,636
2013-12-11,553
2013-12-12,504
2013-12-13,323
2013-12-14,338
2013-12-15,606
2013-12-16,561
2013-12-17,438
2013-12-18,1813
2013-12-19,601
2013-12-20,304
2013-12-21,405
2013-12-22,294
2013-12-23,319
2013-12-24,249
2013-12-25,247
2013-12-26,339
2013-12-27,273
2013-12-28,300
2013-12-29,287
2013-12-30,195
2013-12-31,115
2014-01-01,221
2014-01-02,291
2014-01-03,295
2014-01-04,273
2014-01-05,335
2014-01-06,321
2014-01-07,347
2014-01-08,304
2014-01-09,372
2014-01-10,327
2014-01-11,324
2014-01-12,326
2014-01-13,244
2014-01-14,320
2014-01-15,316
2014-01-16,333
2014-01-17,231
2014-01-18,177
2014-01-19,253
2014-01-20,403
2014-01-21,326
2014-01-22,392
2014-01-23,358
2014-01-24,303
2014-01-25,275
2014-01-26,259
2014-01-27,401
2014-01-28,404
2014-01-29,481
2014-01-30,464
2014-01-31,303
2014-02-01,240
2014-02-02,198
2014-02-03,267
2014-02-04,246
2014-02-05,258
2014-02-06,368
2014-02-07,380
2014-02-08,245
2014-02-09,280
2014-02-10,454
2014-02-11,396
2014-02-12,264
2014-02-13,464
2014-02-14,424
2014-02-15,245
2014-02-16,282
2014-02-17,201
2014-02-18,207
2014-02-19,235
2014-02-20,281
2014-02-21,208
2014-02-22,206
2014-02-23,232
2014-02-24,416
2014-02-25,900
2014-02-26,679
2014-02-27,437
2014-02-28,487
2014-03-01,238
2014-03-02,298
2014-03-03,268
2014-03-04,261
2014-03-05,236
2014-03-06,389
2014-03-07,355
2014-03-08,202
2014-03-08,246
2014-03-09,195
2014-03-10,195
2014-03-11,213
2014-03-12,173
2014-03-13,176
2014-03-14,91
2014-03-15,70
2014-03-16,150
2014-03-17,131
2014-03-18,148
2014-03-19,112
2014-03-20,124
2014-03-21,128
2014-03-22,131
2014-03-23,136
2014-03-24,134
2014-03-25,131
2014-03-26,152
2014-03-27,181
2014-03-28,105
2014-03-29,121
2014-03-30,153
2014-03-31,127
2014-04-01,131
2014-04-02,104
2014-04-03,92
2014-04-04,63
2014-04-05,96
2014-04-06,57
2014-04-07,97
2014-04-08,80
2014-04-09,72
2014-04-10,161
2014-04-11,85
2014-04-12,73
2014-04-13,89
2014-04-14,58
2014-04-15,99
2014-04-16,108
2014-04-17,72
2014-04-18,106
2014-04-19,52
2014-04-20,48
2014-04-21,75
2014-04-22,103
2014-04-23,115
2014-04-24,87
2014-04-25,138
2014-04-26,74
2014-04-27,102
2014-04-28,111
2014-04-29,120
2014-04-30,144
2014-05-01,101
2014-05-02,74
2014-05-03,86
2014-05-04,89
2014-05-05,82
2014-05-06,90
2014-05-07,91
2014-05-08,120
2014-05-09,82
2014-05-10,128
2014-05-11,20
2014-05-12,65
2014-05-13,106
2014-05-14,79
2014-05-15,89
2014-05-16,112
2014-05-17,96
2014-05-18,90
2014-05-19,52
2014-05-20,109
2014-05-21,89
2014-05-22,98
2014-05-23,97
2014-05-24,54
2014-05-25,97
2014-05-26,58
2014-05-27,94
2014-05-28,91
2014-05-29,95
2014-05-30,73
2014-05-31,64
2014-06-01,101
2014-06-02,72
2014-06-03,117
2014-06-04,110
2014-06-05,83
2014-06-06,51
2014-06-07,67
2014-06-08,76
2014-06-09,60
2014-06-10,67
2014-06-11,91
2014-06-12,122
2014-06-13,60
2014-06-14,41
2014-06-15,69
2014-06-16,86
2014-06-17,81
2014-06-18,94
2014-06-19,51
2014-06-20,67
2014-06-21,59
2014-06-22,59
2014-06-23,61
2014-06-24,73
2014-06-25,25
2014-06-26,88
2014-06-27,59
2014-06-28,62
2014-06-29,65
2014-06-30,84
2014-07-01,151
2014-07-02,120
2014-07-03,49
2014-07-04,91
2014-07-05,49
2014-07-06,91
2014-07-07,572
2014-07-08,2492
2014-07-09,1279
2014-07-10,102
2014-07-11,106
2014-07-12,80
2014-07-13,94
2014-07-14,92
2014-07-15,83
2014-07-16,113
2014-07-17,84
2014-07-18,85
2014-07-19,91
2014-07-20,107
2014-07-21,86
2014-07-22,89
2014-07-23,59
2014-07-24,105
2014-07-25,59
2014-07-26,70
2014-07-27,61
2014-07-28,76
2014-07-29,103
2014-07-30,128
2014-07-31,100
2014-08-01,91
2014-08-02,73
2014-08-03,81
2014-08-04,47
2014-08-05,133
2014-08-06,91
2014-08-07,118
2014-08-08,64
2014-08-09,86
2014-08-10,59
2014-08-11,80
2014-08-12,94
2014-08-13,131
2014-08-14,112
2014-08-15,130
2014-08-16,66
2014-08-17,99
2014-08-18,114
2014-08-19,94
2014-08-20,107
2014-08-21,84
2014-08-22,78
2014-08-23,80
2014-08-24,95
2014-08-25,97
2014-08-26,85
2014-08-27,89
2014-08-28,85
2014-08-29,122
2014-08-30,50
2014-08-31,81
2014-09-01,135
2014-09-02,130
2014-09-03,94
2014-09-04,105
2014-09-05,85
2014-09-06,90
2014-09-07,64
2014-09-08,102
2014-09-09,147
2014-09-10,116
2014-09-11,106
2014-09-12,97
2014-09-13,212
2014-09-14,113
2014-09-15,68
2014-09-16,95
2014-09-17,89
2014-09-18,82
2014-09-19,122
2014-09-20,52
2014-09-21,85
2014-09-22,98
2014-09-23,145
2014-09-24,114
2014-09-25,85
2014-09-26,82
2014-09-27,96
2014-09-28,124
2014-09-29,122
2014-09-30,143
2014-10-01,145
2014-10-02,130
2014-10-03,81
2014-10-04,95
2014-10-05,157
2014-10-06,160
2014-10-07,130
2014-10-08,156
2014-10-09,122
2014-10-10,69
2014-10-11,102
2014-10-12,96
2014-10-13,110
2014-10-14,121
2014-10-15,138
2014-10-16,134
2014-10-17,110
2014-10-18,67
2014-10-19,94
2014-10-20,93
2014-10-21,104
2014-10-22,87
2014-10-23,86
2014-10-24,76
2014-10-25,70
2014-10-26,87
2014-10-27,53
2014-10-28,88
2014-10-29,93
2014-10-30,54
2014-10-31,72
2014-11-01,86
2014-11-02,181
2014-11-03,131
2014-11-04,78
2014-11-05,381
2014-11-06,279
2014-11-07,155
2014-11-08,98
2014-11-09,129
2014-11-10,146
2014-11-11,119
2014-11-12,158
2014-11-13,165
2014-11-14,104
2014-11-15,79
2014-11-16,83
2014-11-17,117
2014-11-18,109
2014-11-19,88
2014-11-20,84
2014-11-21,63
2014-11-22,88
2014-11-23,79
2014-11-24,64
2014-11-25,103
2014-11-26,96
2014-11-27,94
2014-11-28,59
2014-11-29,55
2014-11-30,109
2014-12-01,91
2014-12-02,138
2014-12-03,92
2014-12-04,109
2014-12-05,67
2014-12-06,49
2014-12-07,60
2014-12-08,110
2014-12-09,104
2014-12-10,112
2014-12-11,274
2014-12-12,133
2014-12-13,103
2014-12-14,126
2014-12-15,125
2014-12-16,156
2014-12-17,120
2014-12-18,98
2014-12-19,67
2014-12-20,54
2014-12-21,66
2014-12-22,108
2014-12-23,109
2014-12-24,103
2014-12-25,64
2014-12-26,101
2014-12-27,87
2014-12-28,108
2014-12-29,116
2014-12-30,80
2014-12-31,67
2015-01-01,98
2015-01-02,112
2015-01-03,147
2015-01-04,145
2015-01-05,159
2015-01-06,126
2015-01-07,111
2015-01-08,107
2015-01-09,95
2015-01-10,99
2015-01-11,100
2015-01-12,109
2015-01-13,149
2015-01-14,287
2015-01-15,217
2015-01-16,114
2015-01-17,83
2015-01-18,131
2015-01-19,119
2015-01-20,91
2015-01-21,100
2015-01-22,100
2015-01-23,98
2015-01-24,149
2015-01-25,221
2015-01-26,276
2015-01-27,145
2015-01-28,133
2015-01-29,119
2015-01-30,87
2015-01-31,67
2015-02-01,80
2015-02-02,97
2015-02-03,116
2015-02-04,133
2015-02-05,101
2015-02-06,94
2015-02-07,106
2015-02-08,55
2015-02-09,69
2015-02-10,110
2015-02-11,125
2015-02-12,205
2015-02-13,145
2015-02-14,150
2015-02-15,186
2015-02-16,166
2015-02-17,181
2015-02-18,142
2015-02-19,255
2015-02-20,210
2015-02-21,106
2015-02-22,72
2015-02-23,120
2015-02-24,116
2015-02-25,110
2015-02-26,117
2015-02-27,89
2015-02-28,90
2015-03-01,94
2015-03-02,95
2015-03-03,106
2015-03-04,134
2015-03-05,197
2015-03-06,91
2015-03-07,101
2015-03-07,136
2015-03-08,50
2015-03-09,51
2015-03-10,172
2015-03-11,138
2015-03-12,219
2015-03-13,228
2015-03-14,199
2015-03-15,219
2015-03-16,220
2015-03-17,270
2015-03-18,221
2015-03-19,195
2015-03-20,278
2015-03-21,233
2015-03-22,260
2015-03-23,223
2015-03-24,261
2015-03-25,180
2015-03-26,153
2015-03-27,120
2015-03-28,185
2015-03-29,193
2015-03-30,224
2015-03-31,123
2015-04-01,97
2015-04-02,265
2015-04-03,228
2015-04-04,190
2015-04-05,152
2015-04-06,96
2015-04-07,221
2015-04-08,170
2015-04-09,218
2015-04-10,194
2015-04-11,219
2015-04-12,176
2015-04-13,164
2015-04-14,204
2015-04-15,35
2015-04-16,46
2015-04-17,148
2015-04-18,219
2015-04-19,157
2015-04-20,248
2015-04-21,281
2015-04-22,222
2015-04-23,132
2015-04-24,66
2015-04-25,64
2015-04-26,67
2015-04-27,71
2015-04-28,41
2015-04-29,76
2015-04-30,32
2015-05-01,25
2015-05-02,41
2015-05-03,46
2015-05-04,47
2015-05-05,44
2015-05-06,37
2015-05-07,3
2015-05-08,21
2015-05-09,10
2015-05-10,24
2015-05-11,26
2015-05-12,51
2015-05-13,48
2015-05-14,50
2015-05-15,89
2015-05-16,53
2015-05-17,43
2015-05-18,41
2015-05-19,73
2015-05-20,66
2015-05-21,68
2015-05-22,61
2015-05-23,42
2015-05-24,56
2015-05-25,59
2015-05-26,68
2015-05-27,79
2015-05-28,69
2015-05-29,86
2015-05-30,83
2015-05-31,77
2015-06-01,46
2015-06-02,89
2015-06-03,66
2015-06-04,68
2015-06-05,49
2015-06-06,313
2015-06-07,35
2015-06-08,60
2015-06-09,28
2015-06-10,33
2015-06-11,44
2015-06-12,38
2015-06-13,38
2015-06-14,51
2015-06-15,48
2015-06-16,40
2015-06-17,52
2015-06-18,60
2015-06-19,34
2015-06-20,55
2015-06-21,22
2015-06-22,22
2015-06-23,52
2015-06-24,35
2015-06-25,88
2015-06-26,42
2015-06-27,40
2015-06-28,62
2015-06-29,80
2015-06-30,111
2015-07-01,71
2015-07-02,77
2015-07-03,60
2015-07-04,78
2015-07-05,109
2015-07-06,141
2015-07-07,124
2015-07-08,113
2015-07-09,93
2015-07-10,144
2015-07-11,83
2015-07-12,142
2015-07-13,115
2015-07-14,113
2015-07-15,101
2015-07-16,110
2015-07-17,87
2015-07-18,92
2015-07-19,59
2015-07-20,78
2015-07-21,124
2015-07-22,110
2015-07-23,93
2015-07-24,96
2015-07-25,67
2015-07-26,78
2015-07-27,110
2015-07-28,109
2015-07-29,92
2015-07-30,102
2015-07-31,58
2015-08-01,105
2015-08-02,58
2015-08-03,75
2015-08-04,102
2015-08-05,88
2015-08-06,78
2015-08-07,84
2015-08-08,62
2015-08-09,70
2015-08-10,54
2015-08-11,54
2015-08-12,61
2015-08-13,77
2015-08-14,38
2015-08-15,-14
2015-08-16,-201
2015-08-17,-132
2015-08-18,32
2015-08-19,63
2015-08-20,31
2015-08-21,45
2015-08-22,39
2015-08-23,35
2015-08-24,90
2015-08-25,60
2015-08-26,6
2015-08-27,51
2015-08-28,24
2015-08-29,35
2015-08-30,27
2015-08-31,46
2015-09-01,52
2015-09-02,8
2015-09-03,8
2015-09-04,10
2015-09-05,27
2015-09-06,45
2015-09-07,-198
2015-09-08,-67
2015-09-09,72
2015-09-10,38
2015-09-11,34
2015-09-12,36
2015-09-13,53
2015-09-14,34
2015-09-15,31
2015-09-16,46
2015-09-17,69
2015-09-18,64
2015-09-19,45
2015-09-20,28
2015-09-21,63
2015-09-22,45
2015-09-23,48
2015-09-24,52
2015-09-25,49
2015-09-26,20
2015-09-27,31
2015-09-28,29
2015-09-29,32
2015-09-30,23
2015-10-01,16
2015-10-02,28
2015-10-03,35
2015-10-04,33
2015-10-05,25
2015-10-06,49
2015-10-07,63
2015-10-08,52
2015-10-09,55
2015-10-10,36
2015-10-11,31
2015-10-12,49
2015-10-13,38
2015-10-14,44
2015-10-15,58
2015-10-16,44
2015-10-17,39
2015-10-18,42
2015-10-19,59
2015-10-20,54
2015-10-21,30
2015-10-22,53
2015-10-23,32
2015-10-24,39
2015-10-25,63
2015-10-26,63
2015-10-27,70
2015-10-28,69
2015-10-29,94
2015-10-30,71
2015-10-31,57
2015-11-01,107
2015-11-02,79
2015-11-03,260
2015-11-04,333
2015-11-05,184
2015-11-06,43
2015-11-07,-197
2015-11-08,-53
2015-11-09,63
2015-11-10,43
2015-11-11,63
2015-11-12,67
2015-11-13,52
2015-11-14,40
2015-11-15,53
2015-11-16,43
2015-11-17,57
2015-11-18,60
2015-11-19,28
2015-11-20,66
2015-11-21,63
2015-11-22,55
2015-11-23,60
2015-11-24,46
2015-11-25,28
2015-11-26,47
2015-11-27,54
2015-11-28,31
2015-11-29,46
2015-11-30,27
2015-12-01,72
2015-12-02,60
2015-12-03,61
2015-12-04,47
2015-12-05,59
2015-12-06,55
2015-12-07,26
2015-12-08,233
2015-12-09,179
2015-12-10,129
2015-12-11,45
2015-12-12,79
2015-12-13,54
2015-12-14,68
2015-12-15,-369
2015-12-16,-293
2015-12-17,-337
2015-12-18,-246
2015-12-19,-287
2015-12-20,-253
2015-12-21,-287
2015-12-22,-304
2015-12-23,-218
2015-12-24,-351
2015-12-25,-542
2015-12-26,-352
2015-12-27,-463
2015-12-28,-580
2015-12-29,-450
2015-12-30,-317
2015-12-31,-229
2016-01-01,-213
2016-01-02,-175
2016-01-03,-196
2016-01-04,-150
2016-01-05,-90
2016-01-06,58
2016-01-07,86
2016-01-08,66
2016-01-09,63
2016-01-10,41
2016-01-11,55
2016-01-12,61
2016-01-13,22
2016-01-14,55
2016-01-15,80
2016-01-16,76
2016-01-17,47
2016-01-18,9
2016-01-19,42
2016-01-20,25
2016-01-21,88
2016-01-22,44
2016-01-23,22
2016-01-24,-14
2016-01-25,12
2016-01-26,29
2016-01-27,23
2016-01-28,51
2016-01-29,55
2016-01-30,43
2016-01-31,16
2016-02-01,13
2016-02-02,34
2016-02-03,45
2016-02-04,17
2016-02-05,24
2016-02-06,11
2016-02-07,40
2016-02-08,57
2016-02-09,49
2016-02-10,66
2016-02-11,73
2016-02-12,40
2016-02-13,30
2016-02-14,41
2016-02-15,43
2016-02-16,16
2016-02-17,85
2016-02-18,73
2016-02-19,61
2016-02-20,54
2016-02-21,30
2016-02-22,9
2016-02-23,45
2016-02-24,53
2016-02-25,58
2016-02-26,68
2016-02-27,14
2016-02-28,24
2016-02-29,54
2016-03-01,26
2016-03-02,52
2016-03-03,23
2016-03-04,31
2016-03-05,-12
2016-03-06,29
2016-03-07,-18
2016-03-08,36
2016-03-09,-1
2016-03-10,38
2016-03-11,1
2016-03-12,-3
2016-03-12,17
2016-03-13,18
2016-03-14,18
2016-03-15,25
2016-03-16,14
2016-03-17,42
2016-03-18,37
2016-03-19,3
2016-03-20,13
2016-03-21,127
2016-03-22,22
2016-03-23,34
2016-03-24,8
2016-03-25,13
2016-03-26,19
2016-03-27,30
2016-03-28,47
2016-03-29,41
2016-03-30,23
2016-03-31,36
2016-04-01,104
2016-04-02,7
2016-04-03,28
2016-04-04,52
2016-04-05,42
2016-04-06,28
2016-04-07,79
2016-04-08,35
2016-04-09,34
2016-04-10,87
2016-04-11,46
2016-04-12,48
2016-04-13,42
2016-04-14,53
2016-04-15,33
2016-04-16,31
2016-04-17,42
2016-04-18,36
2016-04-19,42
2016-04-20,66
2016-04-21,46
2016-04-22,31
2016-04-23,56
2016-04-24,54
2016-04-25,72
2016-04-26,80
2016-04-27,64
2016-04-28,49
2016-04-29,58
2016-04-30,38
2016-05-01,52
2016-05-02,519
2016-05-03,187
2016-05-04,220
2016-05-05,153
2016-05-06,97
2016-05-07,69
2016-05-08,100
2016-05-09,71
2016-05-10,41
2016-05-11,77
2016-05-12,38
2016-05-13,50
2016-05-14,59
2016-05-15,34
2016-05-16,53
2016-05-17,33
2016-05-18,47
2016-05-19,102
2016-05-20,51
2016-05-21,47
2016-05-22,58
2016-05-23,53
2016-05-24,56
2016-05-25,37
2016-05-26,23
2016-05-27,70
2016-05-28,64
2016-05-29,91
2016-05-30,94
2016-05-31,105
2016-06-01,90
2016-06-02,65
2016-06-03,83
2016-06-04,87
2016-06-05,71
2016-06-06,53
2016-06-07,74
2016-06-08,70
2016-06-09,79
2016-06-10,66
2016-06-11,81
2016-06-12,222
2016-06-13,201
2016-06-14,154
2016-06-15,137
2016-06-16,208
2016-06-17,152
2016-06-18,184
2016-06-19,120
2016-06-20,154
2016-06-21,166
2016-06-22,149
2016-06-23,114
2016-06-24,139
2016-06-25,113
2016-06-26,86
2016-06-27,87
2016-06-28,92
2016-06-29,82
2016-06-30,102
2016-07-01,102
2016-07-02,102
2016-07-03,102
2016-07-04,102
2016-07-05,102
2016-07-06,103
2016-07-07,30
2016-07-08,68
2016-07-09,91
2016-07-10,104
2016-07-11,86
2016-07-12,60
2016-07-13,78
2016-07-14,77
2016-07-15,55
2016-07-16,69
2016-07-17,66
2016-07-18,61
2016-07-19,69
2016-07-20,63
2016-07-21,48
2016-07-22,32
2016-07-23,51
2016-07-24,41
2016-07-25,77
2016-07-26,74
2016-07-27,58
2016-07-28,78
2016-07-29,63
2016-07-30,51
2016-07-31,93
2016-08-01,83
2016-08-02,304
2016-08-03,512
2016-08-04,158
2016-08-05,170
2016-08-06,121
2016-08-07,108
2016-08-08,68
2016-08-09,98
2016-08-10,96
2016-08-11,48
2016-08-12,57
2016-08-13,73
2016-08-14,67
2016-08-15,75
2016-08-16,70
2016-08-17,71
2016-08-18,35
2016-08-19,55
2016-08-20,50
2016-08-21,54
2016-08-22,56
2016-08-23,62
2016-08-24,66
2016-08-25,74
2016-08-26,76
2016-08-27,75
2016-08-28,59
2016-08-29,68
2016-08-30,71
2016-08-31,154
2016-09-01,39
2016-09-02,59
2016-09-03,38
2016-09-04,75
2016-09-05,68
2016-09-06,78
2016-09-07,73
2016-09-08,157
2016-09-09,125
2016-09-10,73
2016-09-11,92
2016-09-12,144
2016-09-13,73
2016-09-14,103
2016-09-15,77
2016-09-16,71
2016-09-17,86
2016-09-18,100
2016-09-19,67
2016-09-20,100
2016-09-21,92
2016-09-22,76
2016-09-23,66
2016-09-24,63
2016-09-25,69
2016-09-26,76
2016-09-27,78
2016-09-28,72
2016-09-29,72
2016-09-30,89
2016-10-01,58
2016-10-02,76
2016-10-03,93
2016-10-04,70
2016-10-05,69
2016-10-06,63
2016-10-07,88
2016-10-08,68
2016-10-09,58
2016-10-10,78
2016-10-11,121
2016-10-12,94
2016-10-13,56
2016-10-14,66
2016-10-15,58
2016-10-16,77
2016-10-17,70
2016-10-18,70
2016-10-19,70
2016-10-20,70
2016-10-21,70
2016-10-22,70
2016-10-23,70
2016-10-24,70
2016-10-25,87
2016-10-26,87
2016-10-27,87
2016-10-28,87
2016-10-29,87
2016-10-30,87
2016-10-31,87
2016-11-01,87
2016-11-02,87
2016-11-03,87
2016-11-04,87
2016-11-05,87
2016-11-06,87
2016-11-07,94
2016-11-08,91
2016-11-09,91
2016-11-10,92
2016-11-11,53
2016-11-12,57
2016-11-13,118
2016-11-14,59
2016-11-15,59
2016-11-16,107
2016-11-17,75
2016-11-18,111
2016-11-19,91
2016-11-20,91
2016-11-21,121
2016-11-22,121
2016-11-23,62
2016-11-24,62
2016-11-25,66
2016-11-26,66
2016-11-27,67
2016-11-28,78
2016-11-29,78
2016-11-30,120
2016-12-01,81
2016-12-02,81
2016-12-03,81
2016-12-04,84
2016-12-05,78
2016-12-06,132
2016-12-07,132
2016-12-08,132
2016-12-09,132
2016-12-10,132
2016-12-11,132
2016-12-12,132
2016-12-13,132
2016-12-14,132
2016-12-15,132
2016-12-16,132
2016-12-17,132
2016-12-18,132
2016-12-19,132
2016-12-20,132
2016-12-21,132
2016-12-22,132
2016-12-23,132
2016-12-24,132
2016-12-25,132
2016-12-26,132
2016-12-27,132
2016-12-28,132
2016-12-29,132
2016-12-30,150
2016-12-31,113
2017-01-01,274
2017-01-02,663
2017-01-03,261
2017-01-04,398
2017-01-05,523
2017-01-06,535
2017-01-07,283
2017-01-08,232
2017-01-09,183
2017-01-10,189
2017-01-11,308
2017-01-12,269
2017-01-13,133
2017-01-14,157
2017-01-15,163
2017-01-16,197
2017-01-17,190
2017-01-18,144
2017-01-19,108
2017-01-20,111
2017-01-21,104
2017-01-22,138
2017-01-23,125
2017-01-24,173
2017-01-25,105
2017-01-26,103
2017-01-27,91
2017-01-28,83
2017-01-29,142
2017-01-30,107
2017-01-31,166
2017-02-01,186
2017-02-02,189
2017-02-03,114
2017-02-04,131
2017-02-05,138
2017-02-06,152
2017-02-07,139
2017-02-08,210
2017-02-09,212
2017-02-10,118
2017-02-11,132
2017-02-12,111
2017-02-13,126
2017-02-14,136
2017-02-15,149
2017-02-16,112
2017-02-17,103
2017-02-18,110
2017-02-19,116
2017-02-20,142
2017-02-21,214
2017-02-22,156
2017-02-23,203
2017-02-24,167
2017-02-25,144
2017-02-26,69
2017-02-27,116
2017-02-28,161
2017-03-01,151
2017-03-02,213
2017-03-03,151
2017-03-04,150
2017-03-05,134
2017-03-06,201
2017-03-07,294
2017-03-08,264
2017-03-09,176
2017-03-10,323
2017-03-11,168
2017-03-11,136
2017-03-12,62
2017-03-13,63
2017-03-14,122
2017-03-15,68
2017-03-16,147
2017-03-17,110
2017-03-18,221
2017-03-19,138
2017-03-20,103
2017-03-21,154
2017-03-22,126
2017-03-23,154
2017-03-24,191
2017-03-25,137
2017-03-26,48
2017-03-27,81
2017-03-28,69
2017-03-29,102
2017-03-30,103
2017-03-31,68
2017-04-01,100
2017-04-02,119
2017-04-03,138
2017-04-04,159
2017-04-05,158
2017-04-06,74
2017-04-07,42
2017-04-08,82
2017-04-09,63
2017-04-10,84
2017-04-11,91
2017-04-12,70
2017-04-13,14
2017-04-14,99
2017-04-15,39
2017-04-16,76
2017-04-17,142
2017-04-18,96
2017-04-19,131
2017-04-20,129
2017-04-21,91
2017-04-22,115
2017-04-23,91
2017-04-24,81
2017-04-25,121
2017-04-26,194
2017-04-27,187
2017-04-28,130
2017-04-29,109
2017-04-30,163
2017-05-01,266
2017-05-02,345
2017-05-03,253
2017-05-04,449
2017-05-05,321
2017-05-06,507
2017-05-07,438
2017-05-08,409
2017-05-09,550
2017-05-10,441
2017-05-11,478
2017-05-12,408
2017-05-13,328
2017-05-14,298
2017-05-15,344
2017-05-16,348
2017-05-17,348
2017-05-18,391
2017-05-19,375
2017-05-20,389
2017-05-21,573
2017-05-22,1054
2017-05-23,890
2017-05-24,1092
2017-05-25,1684
2017-05-26,875
2017-05-27,918
2017-05-28,691
2017-05-29,595
2017-05-30,551
2017-05-31,570
2017-06-01,571
2017-06-02,490
2017-06-03,448
2017-06-04,462
2017-06-05,739
2017-06-06,1113
2017-06-07,806
2017-06-08,601
2017-06-09,472
2017-06-10,526
2017-06-11,701
2017-06-12,918
2017-06-13,679
2017-06-14,694
2017-06-15,991
2017-06-16,526
2017-06-17,562
2017-06-18,649
2017-06-19,528
2017-06-20,717
2017-06-21,722
2017-06-22,604
2017-06-23,562
2017-06-24,532
2017-06-25,545
2017-06-26,703
2017-06-27,689
2017-06-28,481
2017-06-29,527
2017-06-30,357
2017-07-01,449
2017-07-02,439
2017-07-03,526
2017-07-04,550
2017-07-05,508
2017-07-06,417
2017-07-07,428
2017-07-08,468
2017-07-09,495
2017-07-10,575
2017-07-11,943
2017-07-12,944
2017-07-13,714
2017-07-14,714
2017-07-15,714
2017-07-16,714
2017-07-17,714
2017-07-18,717
2017-07-19,449
2017-07-20,1222
2017-07-21,626
2017-07-22,614
2017-07-23,669
2017-07-24,609
2017-07-25,687
2017-07-26,609
2017-07-27,587
2017-07-28,589
2017-07-29,523
2017-07-30,850
2017-07-31,631
2017-08-01,1274
2017-08-02,865
2017-08-03,561
2017-08-04,879
2017-08-05,1282
2017-08-06,716
2017-08-07,828
2017-08-08,760
2017-08-09,669
2017-08-10,768
2017-08-11,921
2017-08-12,1280
2017-08-13,2479
2017-08-14,1484
2017-08-15,1662
2017-08-16,1092
2017-08-17,1311
2017-08-18,935
2017-08-19,820
2017-08-20,900
2017-08-21,858
2017-08-22,1041
2017-08-23,974
2017-08-24,947
2017-08-25,834
2017-08-26,674
2017-08-27,772
2017-08-28,725
2017-08-29,1414
2017-08-30,913
2017-08-31,1120
2017-09-01,1115
2017-09-02,1224
2017-09-03,896
2017-09-04,1633
2017-09-05,1060
2017-09-06,1420
2017-09-07,1657
2017-09-08,1458
2017-09-09,1100
2017-09-10,1074
2017-09-11,1145
2017-09-12,1115
2017-09-13,1689
2017-09-14,1940
2017-09-15,1891
2017-09-16,1146
2017-09-17,1209
2017-09-18,1341
2017-09-19,1025
2017-09-20,1117
2017-09-21,991
2017-09-22,885
2017-09-23,715
2017-09-24,933
2017-09-25,894
2017-09-26,865
2017-09-27,1310
2017-09-28,856
2017-09-29,751
2017-09-30,704
2017-10-01,929
2017-10-02,903
2017-10-03,1076
2017-10-04,878
2017-10-05,1077
2017-10-06,903
2017-10-07,903
2017-10-08,1130
2017-10-09,1130
2017-10-10,1161
2017-10-11,1161
2017-10-12,2302
2017-10-13,2302
2017-10-14,1383
2017-10-15,1611
2017-10-16,1421
2017-10-17,1415
2017-10-18,1574
2017-10-19,1156
2017-10-20,1481
2017-10-21,1481
2017-10-22,1481
2017-10-23,1525
2017-10-24,1601
2017-10-25,1278
2017-10-26,1407
2017-10-27,1055
2017-10-28,930
2017-10-29,1415
2017-10-30,1334
2017-10-31,1599
2017-11-01,2643
2017-11-02,3241
2017-11-03,2112
2017-11-04,2554
2017-11-05,2554
2017-11-06,2554
2017-11-07,2215
2017-11-08,2215
2017-11-09,2215
2017-11-10,2215
2017-11-11,2215
2017-11-12,2219
2017-11-13,2435
2017-11-14,1885
2017-11-15,1927
2017-11-16,2765
2017-11-17,2409
2017-11-18,2461
2017-11-19,2279
2017-11-20,2621
2017-11-21,2268
2017-11-22,1777